,daymonth,year,weather,min_temp,max_temp,avg_temp,wind,humidity,cloud,pressure,rain
0,2020-01-01,2009.0,Sunny,6.0,18.0,12.0,7.0,41.0,12.0,1024.0,0
1,2020-01-01,2010.0,Sunny,4.0,19.0,11.5,8.0,23.0,3.0,1019.0,0
2,2020-01-01,2011.0,Sunny,4.0,18.0,11.0,7.0,38.0,13.0,1018.0,0
3,2020-01-01,2012.0,Sunny,4.0,14.0,9.0,9.0,37.0,4.0,1023.0,0
4,2020-01-01,2013.0,Sunny,6.0,17.0,11.5,10.0,32.0,0.0,1017.0,0
5,2020-01-02,2009.0,Sunny,7.0,18.0,12.5,7.0,36.0,19.0,1019.0,0
6,2020-01-02,2010.0,Sunny,6.0,20.0,13.0,8.0,30.0,5.0,1019.0,0
8,2020-01-02,2012.0,Sunny,7.0,18.0,12.5,8.0,25.0,13.0,1019.0,0
9,2020-01-02,2013.0,Sunny,5.0,16.0,10.5,9.0,24.0,1.0,1017.0,0
11,2020-01-03,2009.0,partly cloud,8.0,15.0,11.5,5.0,46.0,41.0,1019.0,1
13,2020-01-03,2011.0,Sunny,4.0,18.0,11.0,6.0,35.0,7.0,1019.0,0
14,2020-01-03,2012.0,Sunny,8.0,18.0,13.0,7.0,29.0,11.0,1017.0,0
15,2020-01-03,2013.0,Sunny,5.0,16.0,10.5,8.0,23.0,0.0,1018.0,0
16,2020-01-04,2009.0,partly cloud,8.0,15.0,11.5,7.0,54.0,27.0,1019.0,0
17,2020-01-04,2010.0,Sunny,4.0,18.0,11.0,8.0,44.0,1.0,1018.0,0
18,2020-01-04,2011.0,Sunny,4.0,17.0,10.5,8.0,26.0,1.0,1019.0,0
19,2020-01-04,2012.0,partly cloud,8.0,16.0,12.0,9.0,38.0,42.0,1018.0,1
20,2020-01-04,2013.0,Sunny,4.0,15.0,9.5,13.0,24.0,0.0,1019.0,0
21,2020-01-05,2009.0,Sunny,5.0,16.0,10.5,7.0,52.0,3.0,1017.0,0
22,2020-01-05,2010.0,Sunny,5.0,21.0,13.0,7.0,42.0,2.0,1014.0,0
23,2020-01-05,2011.0,Sunny,3.0,17.0,10.0,9.0,28.0,7.0,1019.0,0
24,2020-01-05,2012.0,partly cloud,8.0,15.0,11.5,8.0,49.0,37.0,1019.0,1
25,2020-01-05,2013.0,Sunny,4.0,15.0,9.5,9.0,26.0,0.0,1016.0,0
26,2020-01-06,2009.0,Sunny,5.0,16.0,10.5,7.0,52.0,3.0,1017.0,0
27,2020-01-06,2010.0,Sunny,5.0,21.0,13.0,7.0,42.0,2.0,1014.0,0
28,2020-01-06,2011.0,Sunny,3.0,17.0,10.0,9.0,28.0,7.0,1019.0,0
29,2020-01-06,2012.0,partly cloud,8.0,15.0,11.5,8.0,49.0,37.0,1019.0,1
30,2020-01-06,2013.0,Sunny,4.0,15.0,9.5,9.0,26.0,0.0,1016.0,0
31,2020-01-06,2009.0,Sunny,5.0,17.0,11.0,6.0,54.0,8.0,1018.0,0
32,2020-01-06,2011.0,Sunny,4.0,19.0,11.5,8.0,26.0,22.0,1020.0,0
33,2020-01-06,2012.0,partly cloud,7.0,14.0,10.5,10.0,52.0,45.0,1018.0,1
34,2020-01-06,2013.0,Sunny,4.0,15.0,9.5,9.0,26.0,0.0,1018.0,0
35,2020-01-07,2009.0,Sunny,5.0,17.0,11.0,6.0,55.0,4.0,1021.0,0
36,2020-01-07,2010.0,Sunny,7.0,21.0,14.0,8.0,26.0,9.0,1018.0,0
37,2020-01-07,2011.0,partly cloud,6.0,18.0,12.0,8.0,28.0,49.0,1019.0,0
39,2020-01-08,2009.0,Sunny,6.0,17.0,11.5,8.0,45.0,3.0,1024.0,0
40,2020-01-08,2010.0,Sunny,6.0,19.0,12.5,8.0,21.0,1.0,1018.0,0
41,2020-01-08,2011.0,Sunny,6.0,17.0,11.5,9.0,42.0,39.0,1017.0,0
42,2020-01-08,2012.0,Sunny,4.0,13.0,8.5,9.0,46.0,18.0,1023.0,0
43,2020-01-08,2013.0,Sunny,3.0,14.0,8.5,9.0,27.0,31.0,1020.0,0
44,2020-01-09,2009.0,Sunny,6.0,18.0,12.0,8.0,35.0,22.0,1024.0,0
45,2020-01-09,2010.0,Sunny,6.0,19.0,12.5,9.0,22.0,2.0,1018.0,0
46,2020-01-09,2011.0,Sunny,5.0,17.0,11.0,9.0,43.0,2.0,1018.0,0
47,2020-01-09,2012.0,partly cloud,6.0,17.0,11.5,9.0,39.0,46.0,1019.0,1
48,2020-01-10,2009.0,Sunny,10.0,23.0,16.5,8.0,28.0,1.0,1013.0,0
50,2020-01-10,2010.0,Sunny,10.0,26.0,18.0,8.0,17.0,0.0,1016.0,0
52,2020-01-10,2012.0,Sunny,12.0,25.0,18.5,7.0,11.0,5.0,1017.0,0
53,2020-01-10,2013.0,partly cloud,11.0,23.0,17.0,8.0,17.0,33.0,1019.0,0
54,2020-01-11,2009.0,Sunny,6.0,18.0,12.0,6.0,35.0,21.0,1022.0,0
55,2020-01-11,2010.0,Sunny,4.0,20.0,12.0,7.0,21.0,0.0,1019.0,0
56,2020-01-11,2011.0,Sunny,6.0,19.0,12.5,8.0,29.0,9.0,1016.0,0
58,2020-01-11,2013.0,Sunny,7.0,19.0,13.0,9.0,26.0,19.0,1017.0,0
59,2020-01-12,2009.0,Sunny,7.0,18.0,12.5,8.0,31.0,23.0,1024.0,0
62,2020-01-12,2012.0,Sunny,5.0,16.0,10.5,9.0,32.0,4.0,1021.0,0
63,2020-01-12,2013.0,partly cloud,9.0,18.0,13.5,10.0,46.0,33.0,1017.0,1
64,2020-01-13,2009.0,partly cloud,6.0,17.0,11.5,7.0,33.0,29.0,1026.0,0
66,2020-01-13,2011.0,Sunny,6.0,19.0,12.5,9.0,24.0,17.0,1016.0,0
67,2020-01-13,2012.0,Sunny,5.0,16.0,10.5,8.0,30.0,21.0,1020.0,0
68,2020-01-13,2013.0,Sunny,7.0,18.0,12.5,12.0,44.0,3.0,1016.0,0
69,2020-01-14,2009.0,partly cloud,5.0,19.0,12.0,6.0,38.0,28.0,1025.0,0
70,2020-01-14,2010.0,Sunny,4.0,19.0,11.5,8.0,26.0,4.0,1024.0,0
71,2020-01-14,2011.0,Sunny,5.0,17.0,11.0,10.0,52.0,26.0,1014.0,1
72,2020-01-14,2012.0,Sunny,5.0,16.0,10.5,9.0,35.0,33.0,1018.0,1
73,2020-01-14,2013.0,Cloudy,6.0,18.0,12.0,10.0,27.0,46.0,1016.0,0
74,2020-01-15,2009.0,Sunny,9.0,21.0,15.0,6.0,40.0,47.0,1023.0,0
75,2020-01-15,2010.0,Sunny,5.0,21.0,13.0,7.0,30.0,7.0,1024.0,0
76,2020-01-15,2011.0,Sunny,3.0,13.0,8.0,8.0,68.0,5.0,1017.0,1
78,2020-01-15,2013.0,Sunny,7.0,19.0,13.0,11.0,21.0,12.0,1017.0,0
80,2020-01-16,2010.0,Sunny,6.0,22.0,14.0,8.0,26.0,15.0,1024.0,0
81,2020-01-16,2011.0,Sunny,2.0,15.0,8.5,8.0,46.0,10.0,1018.0,0
82,2020-01-16,2012.0,Sunny,6.0,14.0,10.0,7.0,72.0,34.0,1011.0,1
85,2020-01-17,2010.0,Sunny,8.0,22.0,15.0,8.0,24.0,21.0,1022.0,0
86,2020-01-17,2011.0,partly cloud,3.0,15.0,9.0,5.0,43.0,34.0,1014.0,0
87,2020-01-17,2012.0,Sunny,5.0,15.0,10.0,7.0,56.0,14.0,1013.0,0
88,2020-01-17,2013.0,partly cloud,7.0,15.0,11.0,13.0,49.0,47.0,1018.0,1
90,2020-01-18,2010.0,Sunny,7.0,21.0,14.0,7.0,31.0,11.0,1022.0,0
91,2020-01-18,2011.0,Sunny,4.0,16.0,10.0,10.0,47.0,5.0,1016.0,0
92,2020-01-18,2012.0,Sunny,5.0,14.0,9.5,8.0,37.0,6.0,1013.0,0
93,2020-01-18,2013.0,Overcast,5.0,12.0,8.5,7.0,56.0,52.0,1015.0,1
94,2020-01-19,2009.0,Sunny,6.0,16.0,11.0,7.0,74.0,4.0,1021.0,1
95,2020-01-19,2010.0,Sunny,7.0,20.0,13.5,8.0,27.0,4.0,1021.0,0
96,2020-01-19,2011.0,partly cloud,4.0,17.0,10.5,9.0,39.0,19.0,1016.0,0
97,2020-01-19,2012.0,Sunny,4.0,13.0,8.5,7.0,37.0,14.0,1016.0,0
98,2020-01-19,2013.0,Sunny,5.0,14.0,9.5,8.0,50.0,4.0,1023.0,0
99,2020-01-20,2009.0,Sunny,6.0,19.0,12.5,7.0,51.0,11.0,1020.0,0
100,2020-01-20,2010.0,Sunny,7.0,21.0,14.0,7.0,30.0,11.0,1022.0,0
101,2020-01-20,2011.0,partly cloud,6.0,17.0,11.5,7.0,37.0,46.0,1017.0,0
102,2020-01-20,2012.0,Sunny,3.0,13.0,8.0,9.0,37.0,10.0,1021.0,0
103,2020-01-20,2013.0,Sunny,5.0,16.0,10.5,10.0,32.0,1.0,1022.0,0
104,2020-01-21,2009.0,Sunny,7.0,20.0,13.5,6.0,48.0,16.0,1018.0,0
105,2020-01-21,2010.0,Sunny,7.0,22.0,14.5,7.0,32.0,7.0,1021.0,0
106,2020-01-21,2011.0,Sunny,8.0,19.0,13.5,8.0,43.0,25.0,1019.0,0
107,2020-01-21,2012.0,Sunny,2.0,14.0,8.0,10.0,32.0,22.0,1021.0,0
108,2020-01-21,2013.0,Sunny,5.0,17.0,11.0,9.0,30.0,4.0,1022.0,0
109,2020-01-22,2009.0,Sunny,8.0,21.0,14.5,6.0,49.0,2.0,1017.0,0
110,2020-01-22,2010.0,partly cloud,9.0,19.0,14.0,9.0,39.0,36.0,1020.0,0
111,2020-01-22,2011.0,Sunny,6.0,19.0,12.5,10.0,38.0,7.0,1018.0,0
112,2020-01-22,2012.0,partly cloud,7.0,14.0,10.5,8.0,31.0,48.0,1021.0,1
113,2020-01-22,2013.0,Sunny,5.0,18.0,11.5,10.0,24.0,9.0,1022.0,0
114,2020-01-23,2009.0,Sunny,8.0,21.0,14.5,7.0,50.0,19.0,1018.0,0
115,2020-01-23,2010.0,Sunny,9.0,22.0,15.5,8.0,42.0,22.0,1019.0,0
116,2020-01-23,2011.0,Sunny,5.0,19.0,12.0,9.0,26.0,2.0,1020.0,0
117,2020-01-23,2012.0,Sunny,6.0,15.0,10.5,10.0,54.0,28.0,1022.0,1
118,2020-01-23,2013.0,Sunny,8.0,16.0,12.0,13.0,36.0,30.0,1023.0,1
120,2020-01-24,2010.0,partly cloud,10.0,22.0,16.0,8.0,35.0,34.0,1018.0,0
121,2020-01-24,2011.0,Sunny,4.0,18.0,11.0,9.0,22.0,0.0,1020.0,0
122,2020-01-24,2012.0,Sunny,4.0,16.0,10.0,8.0,37.0,9.0,1018.0,0
123,2020-01-24,2013.0,Sunny,6.0,18.0,12.0,9.0,33.0,2.0,1022.0,0
125,2020-01-25,2010.0,Sunny,10.0,22.0,16.0,8.0,36.0,4.0,1019.0,0
126,2020-01-25,2011.0,Sunny,4.0,18.0,11.0,8.0,24.0,0.0,1020.0,0
127,2020-01-25,2012.0,Sunny,7.0,16.0,11.5,9.0,26.0,28.0,1018.0,0
128,2020-01-25,2013.0,Sunny,6.0,19.0,12.5,8.0,29.0,0.0,1021.0,0
129,2020-01-26,2009.0,Sunny,10.0,19.0,14.5,10.0,66.0,20.0,1014.0,1
130,2020-01-26,2010.0,Sunny,9.0,22.0,15.5,9.0,35.0,13.0,1019.0,0
131,2020-01-26,2011.0,Sunny,4.0,18.0,11.0,8.0,29.0,4.0,1024.0,0
132,2020-01-26,2012.0,Sunny,6.0,16.0,11.0,11.0,39.0,7.0,1020.0,0
133,2020-01-26,2013.0,Sunny,7.0,19.0,13.0,10.0,26.0,10.0,1020.0,0
134,2020-01-27,2009.0,Sunny,9.0,18.0,13.5,6.0,67.0,29.0,1017.0,1
135,2020-01-27,2010.0,partly cloud,11.0,21.0,16.0,8.0,31.0,35.0,1019.0,0
136,2020-01-27,2011.0,Sunny,4.0,19.0,11.5,9.0,30.0,8.0,1022.0,0
137,2020-01-27,2012.0,partly cloud,5.0,16.0,10.5,10.0,32.0,26.0,1018.0,0
138,2020-01-27,2013.0,partly cloud,8.0,20.0,14.0,8.0,28.0,34.0,1018.0,0
139,2020-01-28,2009.0,Sunny,7.0,20.0,13.5,6.0,54.0,7.0,1016.0,0
140,2020-01-28,2010.0,Sunny,11.0,19.0,15.0,7.0,37.0,17.0,1019.0,0
141,2020-01-28,2011.0,partly cloud,5.0,19.0,12.0,7.0,26.0,47.0,1019.0,0
142,2020-01-28,2012.0,Sunny,5.0,17.0,11.0,10.0,26.0,5.0,1018.0,0
143,2020-01-28,2013.0,Sunny,8.0,20.0,14.0,9.0,30.0,10.0,1018.0,0
144,2020-01-29,2009.0,Sunny,8.0,20.0,14.0,8.0,48.0,4.0,1016.0,0
145,2020-01-29,2010.0,Sunny,8.0,15.0,11.5,9.0,73.0,31.0,1020.0,1
147,2020-01-29,2012.0,Sunny,5.0,17.0,11.0,11.0,30.0,0.0,1020.0,0
148,2020-01-29,2013.0,Sunny,9.0,21.0,15.0,8.0,32.0,34.0,1017.0,0
149,2020-01-30,2009.0,Sunny,8.0,19.0,13.5,9.0,51.0,4.0,1017.0,0
150,2020-01-30,2010.0,Sunny,5.0,19.0,12.0,9.0,48.0,17.0,1020.0,0
151,2020-01-30,2011.0,Sunny,7.0,19.0,13.0,6.0,55.0,27.0,1021.0,1
152,2020-01-30,2012.0,Sunny,5.0,18.0,11.5,9.0,25.0,17.0,1019.0,0
153,2020-01-30,2013.0,partly cloud,10.0,20.0,15.0,7.0,25.0,46.0,1018.0,0
154,2020-01-31,2009.0,Sunny,7.0,20.0,13.5,9.0,40.0,11.0,1016.0,0
155,2020-01-31,2010.0,Sunny,7.0,19.0,13.0,8.0,36.0,22.0,1017.0,0
156,2020-01-31,2011.0,Sunny,6.0,20.0,13.0,9.0,38.0,14.0,1021.0,0
157,2020-01-31,2012.0,Sunny,7.0,17.0,12.0,9.0,26.0,14.0,1021.0,0
158,2020-01-31,2013.0,Sunny,11.0,21.0,16.0,10.0,36.0,29.0,1020.0,0
159,2020-02-01,2009.0,Sunny,8.0,21.0,14.5,8.0,36.0,1.0,1016.0,0
161,2020-02-01,2010.0,Sunny,7.0,19.0,13.0,8.0,35.0,4.0,1018.0,0
162,2020-02-01,2011.0,Sunny,8.0,22.0,15.0,9.0,31.0,13.0,1019.0,0
163,2020-02-01,2012.0,partly cloud,6.0,18.0,12.0,10.0,32.0,27.0,1021.0,0
164,2020-02-01,2013.0,Sunny,10.0,21.0,15.5,8.0,36.0,22.0,1019.0,0
165,2020-02-02,2009.0,Sunny,7.0,20.0,13.5,6.0,37.0,30.0,1017.0,0
166,2020-02-02,2010.0,Sunny,6.0,19.0,12.5,8.0,35.0,4.0,1018.0,0
167,2020-02-02,2011.0,partly cloud,9.0,25.0,17.0,8.0,28.0,27.0,1018.0,0
168,2020-02-02,2012.0,Sunny,8.0,19.0,13.5,8.0,30.0,35.0,1019.0,0
169,2020-02-02,2013.0,partly cloud,11.0,19.0,15.0,9.0,48.0,33.0,1019.0,1
170,2020-02-03,2009.0,Sunny,10.0,21.0,15.5,6.0,50.0,24.0,1018.0,1
171,2020-02-03,2010.0,Sunny,6.0,19.0,12.5,8.0,34.0,15.0,1019.0,0
174,2020-02-04,2009.0,Sunny,8.0,21.0,14.5,8.0,49.0,15.0,1017.0,1
175,2020-02-04,2010.0,Sunny,6.0,21.0,13.5,8.0,35.0,21.0,1019.0,0
176,2020-02-04,2011.0,partly cloud,11.0,18.0,14.5,12.0,64.0,47.0,1019.0,1
181,2020-02-05,2011.0,partly cloud,9.0,20.0,14.5,9.0,57.0,38.0,1017.0,1
182,2020-02-05,2012.0,Sunny,5.0,14.0,9.5,7.0,69.0,18.0,1020.0,1
184,2020-02-06,2009.0,Sunny,7.0,16.0,11.5,8.0,72.0,19.0,1020.0,1
189,2020-02-04,2011.0,partly cloudy,11.0,18.0,14.5,12.0,64.0,47.0,1019.0,1
194,2020-02-05,2011.0,partly cloudy,9.0,20.0,14.5,9.0,57.0,38.0,1017.0,1
202,2020-02-06,2012.0,Sunny,5.0,16.0,10.5,11.0,45.0,1.0,1020.0,0
204,2020-02-06,2013.0,Sunny,7.0,15.0,11.0,10.0,71.0,15.0,1023.0,1
211,2020-02-07,2009.0,Sunny,5.0,19.0,12.0,6.0,54.0,15.0,1020.0,0
214,2020-02-07,2012.0,Sunny,3.0,15.0,9.0,11.0,34.0,0.0,1017.0,0
216,2020-02-07,2013.0,Sunny,6.0,17.0,11.5,7.0,50.0,0.0,1019.0,0
217,2020-02-08,2009.0,Sunny,6.0,21.0,13.5,9.0,43.0,7.0,1019.0,0
219,2020-02-08,2011.0,Sunny,5.0,17.0,11.0,8.0,69.0,2.0,1015.0,0
220,2020-02-08,2012.0,Sunny,3.0,14.0,8.5,9.0,32.0,0.0,1016.0,0
222,2020-02-08,2013.0,Sunny,7.0,19.0,13.0,8.0,40.0,3.0,1018.0,0
224,2020-02-09,2011.0,Cloudy,5.0,19.0,12.0,9.0,47.0,31.0,1015.0,0
225,2020-02-09,2012.0,Sunny,4.0,15.0,9.5,9.0,34.0,4.0,1019.0,0
227,2020-02-09,2013.0,Sunny,8.0,20.0,14.0,8.0,37.0,1.0,1017.0,0
228,2020-02-09,2009.0,partly cloud,10.0,17.0,13.5,7.0,47.0,40.0,1018.0,0
233,2020-02-10,2010.0,Sunny,3.0,15.0,9.0,6.0,66.0,10.0,1020.0,0
234,2020-02-10,2011.0,partly cloud,5.0,18.0,11.5,9.0,50.0,38.0,1016.0,0
235,2020-02-10,2012.0,Sunny,4.0,17.0,10.5,9.0,32.0,1.0,1018.0,0
237,2020-02-10,2013.0,Sunny,8.0,20.0,14.0,11.0,29.0,1.0,1019.0,0
239,2020-02-11,2010.0,partly cloud,5.0,15.0,10.0,6.0,62.0,40.0,1021.0,0
240,2020-02-11,2011.0,partly cloud,7.0,15.0,11.0,9.0,50.0,47.0,1019.0,1
241,2020-02-11,2012.0,Sunny,6.0,18.0,12.0,10.0,39.0,34.0,1018.0,1
245,2020-02-12,2010.0,Sunny,7.0,18.0,12.5,7.0,61.0,34.0,1020.0,0
249,2020-02-12,2013.0,partly cloudy,9.0,21.0,15.0,9.0,26.0,21.0,1019.0,0
251,2020-02-13,2010.0,Sunny,7.0,18.0,12.5,5.0,59.0,32.0,1019.0,0
255,2020-02-13,2013.0,Sunny,9.0,19.0,14.0,11.0,31.0,18.0,1018.0,0
256,2020-02-14,2009.0,Sunny,8.0,18.0,13.0,7.0,77.0,27.0,1017.0,1
257,2020-02-14,2010.0,Sunny,6.0,18.0,12.0,5.0,59.0,37.0,1016.0,1
259,2020-02-14,2012.0,Sunny,5.0,14.0,9.5,12.0,51.0,9.0,1020.0,0
261,2020-02-14,2013.0,partly cloudy,11.0,20.0,15.5,11.0,48.0,51.0,1017.0,1
262,2020-02-15,2009.0,Sunny,7.0,19.0,13.0,10.0,56.0,2.0,1017.0,0
263,2020-02-15,2010.0,Light rain shower,7.0,12.0,9.5,10.0,78.0,39.0,1015.0,1
266,2020-02-15,2011.0,Sunny,5.0,18.0,11.5,7.0,64.0,2.0,1014.0,1
267,2020-02-15,2012.0,Sunny,4.0,15.0,9.5,8.0,41.0,20.0,1018.0,0
270,2020-02-16,2009.0,Sunny,6.0,20.0,13.0,7.0,52.0,22.0,1017.0,0
271,2020-02-16,2010.0,Sunny,5.0,17.0,11.0,9.0,66.0,12.0,1020.0,1
272,2020-02-16,2011.0,Sunny,5.0,17.0,11.0,9.0,49.0,17.0,1015.0,1
273,2020-02-16,2012.0,Sunny,5.0,16.0,10.5,9.0,34.0,25.0,1019.0,0
275,2020-02-16,2013.0,Sunny,8.0,13.0,10.5,8.0,68.0,45.0,1010.0,1
276,2020-02-17,2009.0,Sunny,9.0,21.0,15.0,7.0,43.0,22.0,1017.0,0
277,2020-02-17,2010.0,Sunny,5.0,19.0,12.0,9.0,57.0,4.0,1021.0,0
278,2020-02-17,2011.0,Sunny,5.0,18.0,11.5,9.0,54.0,19.0,1018.0,1
279,2020-02-17,2012.0,partly cloud,5.0,17.0,11.0,12.0,32.0,49.0,1021.0,0
281,2020-02-17,2013.0,Sunny,6.0,18.0,12.0,6.0,67.0,11.0,1012.0,1
282,2020-02-18,2009.0,Sunny,8.0,22.0,15.0,10.0,44.0,3.0,1017.0,0
283,2020-02-18,2010.0,Sunny,6.0,20.0,13.0,8.0,49.0,7.0,1018.0,0
284,2020-02-18,2011.0,Sunny,5.0,17.0,11.0,8.0,48.0,22.0,1016.0,0
285,2020-02-18,2012.0,partly cloud,8.0,15.0,11.5,12.0,40.0,41.0,1021.0,1
287,2020-02-18,2013.0,Sunny,8.0,19.0,13.5,8.0,53.0,9.0,1016.0,0
291,2020-02-18,2012.0,partly cloudy,8.0,15.0,11.5,12.0,40.0,41.0,1021.0,1
294,2020-02-19,2009.0,Sunny,9.0,22.0,15.5,12.0,46.0,19.0,1015.0,1
295,2020-02-19,2010.0,Sunny,7.0,22.0,14.5,8.0,45.0,14.0,1018.0,0
296,2020-02-19,2011.0,partly cloudy,7.0,17.0,12.0,6.0,50.0,46.0,1019.0,1
297,2020-02-19,2013.0,Sunny,9.0,19.0,14.0,10.0,36.0,24.0,1016.0,1
299,2020-02-20,2010.0,Sunny,8.0,23.0,15.5,8.0,46.0,14.0,1018.0,0
300,2020-02-20,2011.0,Sunny,7.0,13.0,10.0,7.0,72.0,42.0,1020.0,1
303,2020-02-20,2013.0,Sunny,9.0,21.0,15.0,10.0,36.0,18.0,1018.0,1
304,2020-02-21,2009.0,Sunny,9.0,21.0,15.0,9.0,48.0,27.0,1019.0,1
305,2020-02-21,2010.0,Sunny,10.0,25.0,17.5,8.0,48.0,7.0,1016.0,0
306,2020-02-21,2011.0,Sunny,4.0,20.0,12.0,9.0,54.0,27.0,1020.0,0
307,2020-02-21,2012.0,Sunny,8.0,16.0,12.0,8.0,66.0,20.0,1012.0,1
309,2020-02-21,2013.0,partly cloudy,9.0,19.0,14.0,11.0,46.0,51.0,1017.0,1
310,2020-02-22,2009.0,Sunny,10.0,19.0,14.5,6.0,67.0,38.0,1013.0,1
311,2020-02-22,2010.0,Sunny,12.0,24.0,18.0,9.0,45.0,29.0,1015.0,0
312,2020-02-22,2011.0,partly cloudy,8.0,20.0,14.0,8.0,42.0,44.0,1018.0,0
313,2020-02-22,2012.0,partly cloudy,9.0,16.0,12.5,13.0,57.0,35.0,1013.0,1
317,2020-02-23,2010.0,Sunny,11.0,24.0,17.5,6.0,48.0,21.0,1013.0,1
319,2020-02-23,2012.0,Sunny,6.0,16.0,11.0,10.0,46.0,10.0,1015.0,1
321,2020-02-23,2013.0,Sunny,9.0,19.0,14.0,9.0,58.0,31.0,1019.0,1
322,2020-02-24,2009.0,Sunny,10.0,22.0,16.0,8.0,69.0,17.0,1011.0,1
323,2020-02-24,2010.0,Sunny,12.0,21.0,16.5,7.0,66.0,34.0,1013.0,1
324,2020-02-24,2011.0,Sunny,6.0,17.0,11.5,8.0,65.0,26.0,1018.0,1
325,2020-02-24,2012.0,Sunny,4.0,16.0,10.0,9.0,36.0,13.0,1017.0,0
327,2020-02-24,2013.0,Sunny,10.0,21.0,15.5,8.0,47.0,10.0,1020.0,0
328,2020-02-25,2009.0,partly cloudy,9.0,20.0,14.5,8.0,46.0,28.0,1012.0,0
329,2020-02-25,2010.0,partly cloudy,11.0,19.0,15.0,8.0,69.0,47.0,1015.0,1
331,2020-02-25,2012.0,Sunny,7.0,18.0,12.5,9.0,34.0,30.0,1017.0,0
333,2020-02-25,2013.0,partly cloudy,11.0,21.0,16.0,8.0,38.0,34.0,1019.0,0
334,2020-03-01,2009.0,Sunny,12.0,22.0,17.0,8.0,30.0,17.0,1013.0,0
335,2020-03-01,2010.0,Sunny,12.0,21.0,16.5,12.0,76.0,27.0,1014.0,1
336,2020-03-01,2011.0,Patchy rain possible,8.0,17.0,12.5,6.0,78.0,34.0,1020.0,1
337,2020-03-01,2012.0,Sunny,9.0,21.0,15.0,11.0,39.0,8.0,1011.0,1
340,2020-03-02,2009.0,Sunny,12.0,27.0,19.5,9.0,37.0,18.0,1014.0,0
341,2020-03-02,2010.0,Sunny,10.0,24.0,17.0,9.0,50.0,3.0,1015.0,0
343,2020-03-02,2012.0,Sunny,9.0,21.0,15.0,11.0,31.0,19.0,1010.0,0
345,2020-03-02,2013.0,Sunny,10.0,25.0,17.5,12.0,35.0,16.0,1018.0,0
346,2020-03-03,2009.0,Thundery outbreaks possible,15.0,27.0,21.0,11.0,49.0,22.0,1010.0,1
349,2020-03-03,2012.0,Sunny,12.0,23.0,17.5,9.0,34.0,24.0,1009.0,1
351,2020-03-03,2013.0,Sunny,12.0,26.0,19.0,9.0,34.0,27.0,1017.0,0
352,2020-03-04,2009.0,Sunny,13.0,27.0,20.0,8.0,48.0,10.0,1011.0,0
355,2020-03-04,2012.0,Patchy rain possible,13.0,21.0,17.0,13.0,58.0,38.0,1010.0,1
357,2020-03-04,2013.0,Sunny,14.0,26.0,20.0,8.0,31.0,25.0,1016.0,0
358,2020-03-05,2009.0,Sunny,12.0,26.0,19.0,9.0,37.0,2.0,1012.0,0
359,2020-03-05,2010.0,Sunny,10.0,22.0,16.0,8.0,63.0,12.0,1014.0,1
361,2020-03-05,2012.0,Sunny,11.0,22.0,16.5,9.0,60.0,7.0,1009.0,1
363,2020-03-05,2013.0,Sunny,13.0,26.0,19.5,10.0,29.0,0.0,1018.0,0
364,2020-03-06,2009.0,Overcast,11.0,26.0,18.5,8.0,34.0,36.0,1012.0,0
365,2020-03-06,2010.0,partly cloudy,10.0,14.0,12.0,10.0,65.0,32.0,1015.0,1
366,2020-03-06,2011.0,Patchy rain possible,11.0,22.0,16.5,9.0,41.0,42.0,1015.0,1
367,2020-03-06,2012.0,Sunny,10.0,22.0,16.0,11.0,35.0,4.0,1009.0,0
369,2020-03-06,2013.0,Sunny,14.0,27.0,20.5,11.0,33.0,0.0,1018.0,0
370,2020-03-07,2009.0,Sunny,12.0,25.0,18.5,8.0,39.0,12.0,1013.0,1
371,2020-03-07,2010.0,Sunny,9.0,23.0,16.0,7.0,63.0,20.0,1017.0,1
372,2020-03-07,2011.0,partly cloudy,8.0,21.0,14.5,8.0,50.0,29.0,1020.0,1
375,2020-03-07,2013.0,Sunny,14.0,28.0,21.0,8.0,34.0,0.0,1016.0,0
376,2020-03-08,2009.0,Sunny,11.0,23.0,17.0,8.0,35.0,32.0,1012.0,0
377,2020-03-08,2010.0,Sunny,10.0,26.0,18.0,8.0,50.0,3.0,1016.0,0
378,2020-03-08,2011.0,Sunny,7.0,22.0,14.5,10.0,55.0,5.0,1015.0,1
379,2020-03-08,2012.0,Sunny,7.0,19.0,13.0,11.0,40.0,16.0,1009.0,1
381,2020-03-08,2013.0,Sunny,15.0,28.0,21.5,12.0,27.0,6.0,1016.0,0
382,2020-03-09,2009.0,Sunny,11.0,24.0,17.5,9.0,34.0,9.0,1016.0,0
383,2020-03-09,2010.0,partly cloudy,11.0,26.0,18.5,9.0,43.0,23.0,1018.0,0
384,2020-03-09,2011.0,Sunny,8.0,23.0,15.5,8.0,50.0,8.0,1013.0,0
385,2020-03-09,2012.0,partly cloudy,7.0,19.0,13.0,9.0,32.0,22.0,1012.0,0
388,2020-03-10,2009.0,Sunny,10.0,26.0,18.0,10.0,28.0,1.0,1018.0,0
389,2020-03-10,2010.0,Sunny,12.0,27.0,19.5,9.0,39.0,1.0,1018.0,0
390,2020-03-10,2011.0,Sunny,10.0,24.0,17.0,9.0,47.0,6.0,1017.0,0
391,2020-03-10,2012.0,Sunny,8.0,20.0,14.0,10.0,32.0,7.0,1016.0,1
392,2020-03-11,2010.0,Sunny,12.0,28.0,20.0,8.0,39.0,12.0,1018.0,0
393,2020-03-11,2011.0,Sunny,9.0,25.0,17.0,7.0,45.0,2.0,1015.0,0
396,2020-03-11,2013.0,Sunny,13.0,27.0,20.0,10.0,29.0,7.0,1014.0,0
397,2020-03-12,2009.0,Sunny,11.0,29.0,20.0,8.0,24.0,2.0,1014.0,0
398,2020-03-12,2010.0,Sunny,15.0,28.0,21.5,10.0,38.0,11.0,1018.0,0
399,2020-03-12,2011.0,Sunny,11.0,26.0,18.5,8.0,41.0,14.0,1013.0,0
402,2020-03-12,2013.0,Sunny,16.0,27.0,21.5,11.0,27.0,27.0,1014.0,0
403,2020-03-13,2009.0,Sunny,13.0,30.0,21.5,9.0,21.0,14.0,1015.0,0
404,2020-03-13,2010.0,Sunny,14.0,29.0,21.5,10.0,41.0,9.0,1014.0,1
405,2020-03-13,2011.0,Sunny,12.0,28.0,20.0,9.0,41.0,7.0,1013.0,0
406,2020-03-13,2012.0,Sunny,7.0,19.0,13.0,10.0,50.0,26.0,1019.0,1
409,2020-03-14,2009.0,Sunny,13.0,30.0,21.5,8.0,21.0,15.0,1016.0,0
410,2020-03-14,2010.0,Sunny,14.0,30.0,22.0,10.0,36.0,6.0,1011.0,0
411,2020-03-14,2012.0,Sunny,9.0,21.0,15.0,9.0,42.0,7.0,1018.0,0
413,2020-03-14,2013.0,Thundery outbreaks possible,13.0,19.0,16.0,7.0,70.0,40.0,1016.0,1
414,2020-03-15,2009.0,Sunny,13.0,30.0,21.5,8.0,24.0,6.0,1013.0,0
415,2020-03-15,2010.0,Sunny,14.0,31.0,22.5,9.0,31.0,5.0,1011.0,0
416,2020-03-15,2011.0,partly cloudy,14.0,32.0,23.0,10.0,33.0,28.0,1014.0,0
417,2020-03-15,2012.0,Sunny,10.0,24.0,17.0,9.0,33.0,15.0,1016.0,0
419,2020-03-15,2013.0,Sunny,11.0,23.0,17.0,8.0,45.0,5.0,1019.0,0
420,2020-03-16,2009.0,Sunny,15.0,29.0,22.0,8.0,28.0,16.0,1012.0,0
421,2020-03-16,2010.0,Sunny,15.0,33.0,24.0,9.0,31.0,1.0,1014.0,0
422,2020-03-16,2011.0,Sunny,15.0,32.0,23.5,9.0,27.0,29.0,1012.0,0
423,2020-03-16,2012.0,Sunny,14.0,25.0,19.5,8.0,35.0,24.0,1014.0,1
425,2020-03-16,2013.0,Sunny,12.0,25.0,18.5,10.0,34.0,7.0,1018.0,0
426,2020-03-17,2009.0,Sunny,15.0,29.0,22.0,8.0,39.0,15.0,1013.0,1
427,2020-03-17,2010.0,Sunny,16.0,32.0,24.0,8.0,29.0,1.0,1018.0,0
428,2020-03-17,2011.0,Sunny,16.0,31.0,23.5,9.0,35.0,28.0,1009.0,1
429,2020-03-17,2012.0,Sunny,13.0,26.0,19.5,9.0,40.0,17.0,1013.0,1
431,2020-03-17,2013.0,Sunny,13.0,23.0,18.0,10.0,36.0,13.0,1019.0,1
432,2020-03-18,2009.0,Thundery outbreaks possible,14.0,24.0,19.0,7.0,48.0,27.0,1014.0,1
433,2020-03-18,2010.0,Sunny,16.0,33.0,24.5,9.0,30.0,6.0,1019.0,0
434,2020-03-18,2011.0,Patchy rain possible,13.0,29.0,21.0,10.0,60.0,20.0,1007.0,1
435,2020-03-18,2012.0,Sunny,15.0,29.0,22.0,10.0,33.0,11.0,1014.0,0
437,2020-03-18,2013.0,Sunny,13.0,25.0,19.0,10.0,37.0,20.0,1013.0,1
438,2020-03-19,2009.0,Sunny,14.0,28.0,21.0,7.0,43.0,20.0,1011.0,1
439,2020-03-19,2010.0,Sunny,16.0,34.0,25.0,8.0,29.0,1.0,1014.0,0
441,2020-03-19,2013.0,Sunny,14.0,28.0,21.0,9.0,35.0,9.0,1010.0,0
442,2020-03-20,2009.0,Patchy rain possible,12.0,21.0,16.5,8.0,61.0,28.0,1011.0,1
443,2020-03-20,2010.0,Sunny,17.0,35.0,26.0,8.0,30.0,12.0,1012.0,0
444,2020-03-20,2011.0,Sunny,10.0,25.0,17.5,8.0,54.0,2.0,1007.0,1
446,2020-03-20,2013.0,partly cloudy,16.0,25.0,20.5,9.0,42.0,42.0,1014.0,1
447,2020-03-21,2009.0,Sunny,10.0,25.0,17.5,8.0,47.0,8.0,1014.0,0
448,2020-03-21,2010.0,Sunny,20.0,34.0,27.0,10.0,29.0,21.0,1010.0,0
449,2020-03-21,2011.0,Sunny,10.0,26.0,18.0,10.0,45.0,1.0,1011.0,0
450,2020-03-21,2012.0,Sunny,8.0,22.0,15.0,9.0,40.0,0.0,1015.0,0
452,2020-03-21,2013.0,Sunny,14.0,27.0,20.5,12.0,43.0,14.0,1013.0,1
453,2020-03-22,2009.0,Sunny,12.0,27.0,19.5,9.0,31.0,5.0,1014.0,0
454,2020-03-22,2010.0,Sunny,19.0,34.0,26.5,10.0,32.0,11.0,1005.0,0
455,2020-03-22,2011.0,Sunny,11.0,28.0,19.5,9.0,40.0,10.0,1012.0,0
456,2020-03-22,2012.0,Sunny,11.0,25.0,18.0,10.0,30.0,3.0,1015.0,0
458,2020-03-22,2013.0,Sunny,14.0,28.0,21.0,9.0,33.0,26.0,1008.0,0
459,2020-03-23,2009.0,Sunny,13.0,28.0,20.5,10.0,32.0,25.0,1015.0,0
460,2020-03-23,2010.0,Sunny,20.0,34.0,27.0,9.0,29.0,4.0,1004.0,0
461,2020-03-23,2011.0,Sunny,12.0,30.0,21.0,10.0,38.0,7.0,1013.0,0
462,2020-03-23,2012.0,Sunny,12.0,27.0,19.5,9.0,23.0,16.0,1016.0,0
464,2020-03-23,2013.0,partly cloudy,14.0,24.0,19.0,9.0,46.0,49.0,1011.0,1
466,2020-03-24,2010.0,Sunny,17.0,34.0,25.5,9.0,26.0,6.0,1007.0,0
467,2020-03-24,2011.0,Sunny,13.0,30.0,21.5,8.0,34.0,5.0,1013.0,0
468,2020-03-24,2012.0,Sunny,13.0,28.0,20.5,12.0,28.0,11.0,1016.0,0
471,2020-03-25,2009.0,Sunny,11.0,24.0,17.5,5.0,68.0,35.0,1013.0,1
473,2020-03-25,2011.0,Sunny,14.0,31.0,22.5,9.0,34.0,3.0,1013.0,0
474,2020-03-25,2012.0,partly cloudy,17.0,27.0,22.0,9.0,34.0,45.0,1016.0,1
476,2020-03-25,2013.0,Sunny,11.0,24.0,17.5,11.0,47.0,2.0,1014.0,0
477,2020-03-26,2009.0,Sunny,12.0,26.0,19.0,9.0,51.0,10.0,1012.0,0
478,2020-03-26,2010.0,Sunny,19.0,33.0,26.0,13.0,26.0,5.0,1009.0,1
479,2020-03-26,2011.0,Sunny,14.0,31.0,22.5,9.0,48.0,8.0,1012.0,1
480,2020-03-26,2012.0,Sunny,14.0,24.0,19.0,8.0,48.0,17.0,1016.0,1
482,2020-03-26,2013.0,Sunny,13.0,26.0,19.5,7.0,36.0,31.0,1010.0,0
483,2020-03-27,2009.0,partly cloudy,14.0,25.0,19.5,8.0,53.0,26.0,1011.0,1
484,2020-03-27,2010.0,Sunny,17.0,33.0,25.0,13.0,30.0,4.0,1011.0,1
485,2020-03-27,2011.0,Sunny,14.0,28.0,21.0,11.0,49.0,17.0,1012.0,1
486,2020-03-27,2012.0,partly cloudy,14.0,26.0,20.0,10.0,33.0,32.0,1017.0,0
488,2020-03-27,2013.0,Sunny,15.0,28.0,21.5,9.0,28.0,15.0,1010.0,0
489,2020-03-28,2009.0,partly cloudy,12.0,23.0,17.5,7.0,68.0,34.0,1015.0,1
490,2020-03-28,2010.0,Sunny,18.0,33.0,25.5,11.0,28.0,12.0,1010.0,0
492,2020-03-28,2012.0,Sunny,14.0,27.0,20.5,10.0,36.0,10.0,1018.0,0
494,2020-03-28,2013.0,Sunny,15.0,27.0,21.0,13.0,33.0,9.0,1012.0,0
495,2020-03-29,2009.0,Thundery outbreaks possible,13.0,23.0,18.0,7.0,73.0,44.0,1012.0,1
496,2020-03-29,2010.0,Sunny,20.0,33.0,26.5,11.0,35.0,16.0,1009.0,1
497,2020-03-29,2011.0,Sunny,11.0,25.0,18.0,10.0,62.0,12.0,1012.0,1
498,2020-03-29,2012.0,Sunny,15.0,29.0,22.0,11.0,34.0,14.0,1014.0,0
500,2020-03-29,2013.0,Sunny,15.0,27.0,21.0,7.0,37.0,12.0,1012.0,0
501,2020-03-30,2009.0,Sunny,12.0,26.0,19.0,9.0,54.0,7.0,1013.0,0
502,2020-03-30,2010.0,Sunny,17.0,31.0,24.0,11.0,35.0,5.0,1007.0,1
503,2020-03-30,2011.0,Sunny,12.0,25.0,18.5,8.0,50.0,9.0,1014.0,1
504,2020-03-30,2012.0,Sunny,17.0,32.0,24.5,9.0,27.0,8.0,1009.0,0
506,2020-03-30,2013.0,Sunny,15.0,28.0,21.5,9.0,39.0,7.0,1009.0,0
507,2020-04-01,2009.0,Sunny,13.0,28.0,20.5,7.0,34.0,14.0,1010.0,0
508,2020-04-01,2010.0,Sunny,16.0,31.0,23.5,10.0,22.0,8.0,1008.0,0
509,2020-04-01,2011.0,Sunny,12.0,24.0,18.0,10.0,54.0,16.0,1012.0,1
510,2020-04-01,2012.0,Sunny,20.0,30.0,25.0,12.0,27.0,18.0,1015.0,1
512,2020-04-01,2013.0,Sunny,17.0,28.0,22.5,11.0,42.0,12.0,1011.0,1
513,2020-04-02,2009.0,Sunny,16.0,29.0,22.5,10.0,46.0,24.0,1010.0,1
514,2020-04-02,2010.0,Sunny,17.0,31.0,24.0,10.0,28.0,12.0,1009.0,1
515,2020-04-02,2011.0,Sunny,11.0,24.0,17.5,10.0,61.0,22.0,1014.0,1
516,2020-04-02,2012.0,Sunny,19.0,31.0,25.0,10.0,39.0,11.0,1014.0,1
518,2020-04-02,2013.0,partly cloudy,15.0,27.0,21.0,12.0,45.0,33.0,1014.0,1
519,2020-04-03,2009.0,Sunny,15.0,27.0,21.0,7.0,53.0,18.0,1012.0,1
520,2020-04-03,2010.0,Sunny,15.0,30.0,22.5,9.0,36.0,19.0,1013.0,1
521,2020-04-03,2011.0,Sunny,10.0,24.0,17.0,8.0,50.0,13.0,1014.0,1
522,2020-04-03,2012.0,Sunny,18.0,30.0,24.0,10.0,39.0,7.0,1015.0,1
524,2020-04-03,2013.0,Sunny,15.0,27.0,21.0,11.0,35.0,11.0,1013.0,1
525,2020-04-04,2009.0,Sunny,15.0,30.0,22.5,12.0,35.0,6.0,1013.0,0
526,2020-04-04,2010.0,Sunny,16.0,32.0,24.0,10.0,34.0,5.0,1013.0,1
527,2020-04-04,2011.0,Patchy rain possible,9.0,23.0,16.0,12.0,52.0,30.0,1014.0,1
528,2020-04-04,2012.0,Sunny,18.0,32.0,25.0,10.0,32.0,2.0,1012.0,1
530,2020-04-04,2013.0,Sunny,14.0,26.0,20.0,13.0,36.0,2.0,1011.0,1
531,2020-04-05,2009.0,Sunny,14.0,28.0,21.0,8.0,39.0,17.0,1012.0,0
532,2020-04-05,2010.0,Sunny,16.0,31.0,23.5,12.0,28.0,5.0,1013.0,1
533,2020-04-05,2011.0,Sunny,11.0,24.0,17.5,9.0,51.0,19.0,1016.0,1
534,2020-04-05,2012.0,Sunny,19.0,32.0,25.5,11.0,30.0,5.0,1010.0,1
536,2020-04-05,2013.0,Sunny,14.0,27.0,20.5,12.0,26.0,1.0,1009.0,0
537,2020-04-06,2009.0,Patchy light drizzle,14.0,18.0,16.0,10.0,66.0,38.0,1011.0,1
538,2020-04-06,2010.0,Sunny,15.0,34.0,24.5,12.0,22.0,2.0,1012.0,0
539,2020-04-06,2011.0,Sunny,10.0,25.0,17.5,8.0,39.0,21.0,1016.0,0
540,2020-04-06,2012.0,Sunny,18.0,30.0,24.0,11.0,30.0,15.0,1009.0,1
542,2020-04-06,2013.0,Sunny,14.0,29.0,21.5,12.0,22.0,12.0,1009.0,0
543,2020-04-07,2009.0,Patchy rain possible,13.0,25.0,19.0,6.0,56.0,41.0,1011.0,1
544,2020-04-07,2010.0,Sunny,17.0,35.0,26.0,11.0,19.0,14.0,1012.0,0
545,2020-04-07,2011.0,Sunny,10.0,27.0,18.5,9.0,32.0,1.0,1016.0,0
546,2020-04-07,2012.0,Sunny,18.0,30.0,24.0,11.0,36.0,20.0,1009.0,1
548,2020-04-07,2013.0,Sunny,17.0,30.0,23.5,12.0,25.0,22.0,1009.0,0
549,2020-04-08,2009.0,partly cloudy,13.0,18.0,15.5,9.0,73.0,43.0,1010.0,1
550,2020-04-08,2010.0,Sunny,18.0,36.0,27.0,11.0,20.0,16.0,1014.0,0
551,2020-04-08,2011.0,Sunny,11.0,28.0,19.5,9.0,32.0,17.0,1014.0,0
552,2020-04-08,2012.0,Sunny,19.0,31.0,25.0,10.0,36.0,17.0,1009.0,1
554,2020-04-08,2013.0,Sunny,17.0,30.0,23.5,12.0,33.0,18.0,1009.0,1
555,2020-04-09,2009.0,Sunny,12.0,24.0,18.0,6.0,58.0,22.0,1015.0,1
556,2020-04-09,2010.0,Sunny,21.0,34.0,27.5,13.0,25.0,12.0,1010.0,1
557,2020-04-09,2011.0,Sunny,14.0,27.0,20.5,7.0,33.0,29.0,1015.0,0
558,2020-04-09,2012.0,Sunny,17.0,30.0,23.5,11.0,45.0,17.0,1009.0,1
560,2020-04-09,2013.0,Sunny,17.0,32.0,24.5,11.0,35.0,18.0,1010.0,1
561,2020-04-10,2009.0,Sunny,12.0,27.0,19.5,10.0,45.0,8.0,1014.0,0
562,2020-04-10,2010.0,Sunny,19.0,36.0,27.5,9.0,25.0,7.0,1005.0,0
563,2020-04-10,2011.0,Thundery outbreaks possible,15.0,27.0,21.0,11.0,53.0,41.0,1017.0,1
564,2020-04-10,2012.0,Moderate or heavy rain shower,18.0,27.0,22.5,11.0,59.0,27.0,1008.0,1
566,2020-04-10,2013.0,Sunny,18.0,28.0,23.0,8.0,37.0,23.0,1011.0,1
567,2020-04-11,2009.0,Sunny,16.0,28.0,22.0,9.0,46.0,18.0,1011.0,1
568,2020-04-11,2010.0,Sunny,22.0,37.0,29.5,11.0,24.0,22.0,1005.0,1
569,2020-04-11,2011.0,Sunny,13.0,27.0,20.0,11.0,61.0,23.0,1016.0,1
570,2020-04-11,2012.0,Thundery outbreaks possible,17.0,25.0,21.0,8.0,57.0,31.0,1009.0,1
572,2020-04-11,2013.0,Sunny,17.0,30.0,23.5,9.0,34.0,6.0,1010.0,0
573,2020-04-12,2009.0,Sunny,16.0,32.0,24.0,8.0,46.0,11.0,1011.0,1
574,2020-04-12,2010.0,Sunny,22.0,34.0,28.0,9.0,35.0,9.0,1007.0,1
575,2020-04-12,2011.0,Sunny,15.0,28.0,21.5,7.0,47.0,12.0,1013.0,1
576,2020-04-12,2012.0,Sunny,15.0,26.0,20.5,9.0,46.0,10.0,1009.0,1
578,2020-04-12,2013.0,Sunny,18.0,31.0,24.5,8.0,32.0,7.0,1010.0,0
579,2020-04-13,2009.0,Sunny,17.0,29.0,23.0,9.0,38.0,12.0,1009.0,0
580,2020-04-13,2010.0,Sunny,19.0,36.0,27.5,13.0,24.0,0.0,1009.0,0
581,2020-04-13,2011.0,Sunny,15.0,30.0,22.5,8.0,44.0,5.0,1012.0,1
582,2020-04-13,2012.0,Sunny,16.0,27.0,21.5,9.0,49.0,27.0,1009.0,1
584,2020-04-13,2013.0,Sunny,18.0,32.0,25.0,9.0,27.0,6.0,1011.0,1
585,2020-04-14,2009.0,Sunny,19.0,33.0,26.0,10.0,37.0,25.0,1008.0,1
586,2020-04-14,2010.0,Sunny,18.0,38.0,28.0,10.0,18.0,5.0,1008.0,0
587,2020-04-14,2011.0,Sunny,15.0,31.0,23.0,8.0,39.0,4.0,1011.0,0
588,2020-04-14,2012.0,Sunny,15.0,23.0,19.0,10.0,57.0,21.0,1013.0,1
590,2020-04-14,2013.0,Sunny,18.0,31.0,24.5,10.0,30.0,9.0,1010.0,1
591,2020-04-15,2009.0,partly cloudy,17.0,23.0,20.0,10.0,54.0,35.0,1011.0,1
592,2020-04-15,2010.0,Sunny,20.0,39.0,29.5,12.0,17.0,24.0,1009.0,0
593,2020-04-15,2011.0,Sunny,18.0,30.0,24.0,9.0,46.0,30.0,1010.0,1
594,2020-04-15,2012.0,Sunny,14.0,26.0,20.0,11.0,40.0,12.0,1012.0,1
596,2020-04-15,2013.0,Sunny,19.0,32.0,25.5,10.0,29.0,6.0,1006.0,0
597,2020-04-16,2009.0,Sunny,15.0,30.0,22.5,9.0,37.0,4.0,1010.0,0
598,2020-04-16,2010.0,Sunny,23.0,39.0,31.0,11.0,20.0,25.0,1009.0,0
599,2020-04-16,2011.0,Sunny,15.0,29.0,22.0,7.0,56.0,37.0,1012.0,1
600,2020-04-16,2012.0,Sunny,15.0,27.0,21.0,8.0,47.0,22.0,1010.0,1
602,2020-04-16,2013.0,Sunny,18.0,29.0,23.5,12.0,43.0,6.0,1004.0,1
603,2020-04-17,2009.0,Sunny,15.0,31.0,23.0,11.0,29.0,7.0,1009.0,0
604,2020-04-17,2010.0,Sunny,22.0,39.0,30.5,10.0,22.0,15.0,1006.0,0
605,2020-04-17,2012.0,Sunny,18.0,27.0,22.5,8.0,49.0,16.0,1008.0,1
607,2020-04-17,2013.0,Sunny,16.0,30.0,23.0,11.0,25.0,4.0,1004.0,0
608,2020-04-18,2009.0,Sunny,16.0,33.0,24.5,12.0,27.0,2.0,1008.0,0
609,2020-04-18,2010.0,Sunny,23.0,37.0,30.0,13.0,37.0,19.0,1004.0,1
610,2020-04-18,2011.0,partly cloudy,13.0,25.0,19.0,9.0,62.0,30.0,1011.0,1
612,2020-04-18,2013.0,Sunny,17.0,31.0,24.0,11.0,25.0,2.0,1006.0,1
613,2020-04-19,2009.0,Sunny,17.0,35.0,26.0,11.0,27.0,17.0,1008.0,0
614,2020-04-19,2010.0,Sunny,21.0,37.0,29.0,12.0,37.0,5.0,1003.0,1
615,2020-04-19,2011.0,Sunny,12.0,28.0,20.0,10.0,49.0,8.0,1011.0,1
616,2020-04-19,2012.0,partly cloudy,19.0,27.0,23.0,10.0,45.0,40.0,1009.0,0
618,2020-04-19,2013.0,Sunny,18.0,32.0,25.0,13.0,25.0,6.0,1007.0,1
619,2020-04-20,2009.0,Sunny,21.0,34.0,27.5,11.0,29.0,7.0,1006.0,1
620,2020-04-20,2010.0,Sunny,21.0,37.0,29.0,13.0,30.0,8.0,1003.0,0
621,2020-04-20,2011.0,Sunny,14.0,28.0,21.0,8.0,55.0,14.0,1010.0,1
622,2020-04-20,2012.0,partly cloudy,19.0,26.0,22.5,9.0,44.0,36.0,1011.0,1
625,2020-04-21,2009.0,Sunny,18.0,30.0,24.0,11.0,36.0,14.0,1004.0,1
626,2020-04-21,2010.0,Sunny,20.0,31.0,25.5,11.0,32.0,13.0,1006.0,0
627,2020-04-21,2011.0,Sunny,15.0,29.0,22.0,7.0,55.0,17.0,1010.0,1
628,2020-04-21,2012.0,Sunny,17.0,28.0,22.5,10.0,51.0,7.0,1012.0,1
630,2020-04-21,2013.0,Sunny,16.0,28.0,22.0,12.0,43.0,19.0,1010.0,1
631,2020-04-22,2009.0,Sunny,16.0,32.0,24.0,10.0,26.0,1.0,1008.0,0
632,2020-04-22,2010.0,Sunny,19.0,32.0,25.5,8.0,27.0,13.0,1010.0,1
633,2020-04-22,2011.0,Sunny,15.0,32.0,23.5,6.0,45.0,2.0,1009.0,0
634,2020-04-22,2012.0,Sunny,17.0,27.0,22.0,9.0,47.0,22.0,1008.0,1
636,2020-04-22,2013.0,Sunny,16.0,29.0,22.5,11.0,40.0,12.0,1012.0,1
637,2020-04-23,2009.0,Sunny,15.0,32.0,23.5,10.0,19.0,8.0,1012.0,0
638,2020-04-23,2010.0,Sunny,17.0,33.0,25.0,13.0,24.0,3.0,1011.0,0
639,2020-04-23,2011.0,Sunny,16.0,33.0,24.5,8.0,34.0,0.0,1008.0,0
640,2020-04-23,2012.0,partly cloudy,17.0,28.0,22.5,6.0,45.0,28.0,1008.0,1
642,2020-04-23,2013.0,Sunny,18.0,30.0,24.0,8.0,37.0,10.0,1012.0,1
643,2020-04-24,2009.0,Sunny,16.0,32.0,24.0,12.0,18.0,3.0,1012.0,0
644,2020-04-24,2010.0,Sunny,17.0,34.0,25.5,10.0,22.0,1.0,1009.0,0
645,2020-04-24,2011.0,Sunny,17.0,36.0,26.5,8.0,29.0,0.0,1007.0,0
646,2020-04-24,2012.0,Sunny,18.0,29.0,23.5,7.0,38.0,14.0,1009.0,1
648,2020-04-24,2013.0,Sunny,19.0,31.0,25.0,10.0,36.0,11.0,1012.0,1
649,2020-04-25,2009.0,Sunny,16.0,34.0,25.0,11.0,17.0,7.0,1013.0,0
650,2020-04-25,2010.0,Sunny,19.0,36.0,27.5,10.0,21.0,1.0,1008.0,0
651,2020-04-25,2011.0,Sunny,18.0,38.0,28.0,9.0,26.0,0.0,1006.0,0
652,2020-04-25,2012.0,Sunny,19.0,29.0,24.0,7.0,38.0,22.0,1009.0,1
654,2020-04-25,2013.0,Sunny,19.0,31.0,25.0,11.0,32.0,18.0,1012.0,1
655,2020-04-26,2009.0,Sunny,18.0,35.0,26.5,9.0,17.0,25.0,1012.0,0
656,2020-04-26,2010.0,Sunny,20.0,37.0,28.5,11.0,22.0,13.0,1011.0,0
657,2020-04-26,2011.0,Sunny,19.0,38.0,28.5,8.0,26.0,0.0,1007.0,0
658,2020-04-26,2012.0,Thundery outbreaks possible,19.0,27.0,23.0,7.0,45.0,33.0,1012.0,1
660,2020-04-26,2013.0,Sunny,21.0,31.0,26.0,10.0,33.0,20.0,1011.0,1
661,2020-04-27,2009.0,Sunny,21.0,35.0,28.0,9.0,24.0,16.0,1010.0,0
662,2020-04-27,2010.0,Sunny,21.0,35.0,28.0,10.0,42.0,22.0,1011.0,1
663,2020-04-27,2011.0,Sunny,20.0,37.0,28.5,9.0,25.0,0.0,1007.0,0
664,2020-04-27,2012.0,Sunny,17.0,28.0,22.5,9.0,45.0,16.0,1009.0,1
666,2020-04-27,2013.0,partly cloudy,18.0,30.0,24.0,13.0,40.0,19.0,1012.0,1
667,2020-04-28,2009.0,Sunny,20.0,36.0,28.0,10.0,26.0,8.0,1009.0,0
668,2020-04-28,2010.0,Sunny,21.0,35.0,28.0,9.0,43.0,17.0,1010.0,1
669,2020-04-28,2011.0,Sunny,20.0,36.0,28.0,11.0,30.0,3.0,1005.0,1
670,2020-04-28,2012.0,partly cloudy,18.0,24.0,21.0,8.0,54.0,34.0,1006.0,1
672,2020-04-28,2013.0,Sunny,18.0,30.0,24.0,10.0,32.0,14.0,1009.0,0
673,2020-04-29,2009.0,Sunny,21.0,37.0,29.0,11.0,22.0,13.0,1009.0,0
674,2020-04-29,2010.0,Sunny,21.0,37.0,29.0,10.0,30.0,5.0,1009.0,0
675,2020-04-29,2011.0,Sunny,19.0,33.0,26.0,11.0,38.0,9.0,1005.0,1
676,2020-04-29,2012.0,Sunny,17.0,26.0,21.5,11.0,46.0,22.0,1006.0,1
678,2020-04-29,2013.0,Sunny,19.0,31.0,25.0,10.0,28.0,8.0,1009.0,1
679,2020-04-30,2009.0,Sunny,20.0,38.0,29.0,10.0,19.0,3.0,1008.0,0
680,2020-04-30,2010.0,Patchy rain possible,20.0,28.0,24.0,10.0,45.0,19.0,1011.0,1
681,2020-04-30,2011.0,Patchy rain possible,18.0,32.0,25.0,8.0,45.0,13.0,1007.0,1
682,2020-04-30,2012.0,Sunny,15.0,28.0,21.5,9.0,37.0,8.0,1007.0,1
684,2020-04-30,2013.0,Sunny,18.0,33.0,25.5,13.0,25.0,2.0,1009.0,1
685,2020-05-01,2009.0,Sunny,22.0,39.0,30.5,8.0,18.0,20.0,1007.0,0
686,2020-05-01,2010.0,Sunny,19.0,34.0,26.5,9.0,38.0,14.0,1011.0,1
687,2020-05-01,2011.0,Sunny,18.0,35.0,26.5,9.0,37.0,3.0,1007.0,1
688,2020-05-01,2012.0,Sunny,16.0,27.0,21.5,11.0,41.0,12.0,1009.0,1
696,2020-05-01,2009.0,Sunny,22.0,38.0,30.0,11.0,18.0,22.0,1007.0,0
698,2020-05-02,2009.0,Sunny,22.0,38.0,30.0,11.0,18.0,22.0,1007.0,0
699,2020-05-02,2010.0,Sunny,21.0,38.0,29.5,10.0,26.0,1.0,1007.0,0
700,2020-05-02,2011.0,Sunny,20.0,37.0,28.5,8.0,30.0,1.0,1003.0,0
701,2020-05-02,2012.0,Sunny,15.0,29.0,22.0,11.0,35.0,9.0,1010.0,0
702,2020-05-02,2013.0,Sunny,18.0,33.0,25.5,11.0,20.0,1.0,1004.0,0
705,2020-05-03,2010.0,Sunny,21.0,39.0,30.0,10.0,22.0,2.0,1004.0,0
706,2020-05-03,2013.0,Sunny,19.0,34.0,26.5,11.0,17.0,20.0,1001.0,0
707,2020-05-04,2009.0,Sunny,20.0,32.0,26.0,10.0,29.0,14.0,1010.0,1
708,2020-05-04,2010.0,Sunny,25.0,37.0,31.0,13.0,29.0,23.0,1004.0,1
711,2020-05-04,2011.0,Sunny,22.0,39.0,30.5,9.0,27.0,5.0,1003.0,1
712,2020-05-04,2012.0,Sunny,19.0,32.0,25.5,12.0,29.0,1.0,1005.0,1
713,2020-05-04,2013.0,Sunny,21.0,33.0,27.0,13.0,19.0,29.0,1003.0,0
714,2020-05-05,2009.0,partly cloudy,19.0,26.0,22.5,10.0,38.0,27.0,1012.0,1
715,2020-05-05,2010.0,partly cloudy,20.0,25.0,22.5,8.0,61.0,29.0,1006.0,1
716,2020-05-05,2011.0,Sunny,21.0,34.0,27.5,9.0,37.0,12.0,1006.0,1
717,2020-05-05,2012.0,Sunny,20.0,34.0,27.0,10.0,32.0,14.0,1007.0,1
719,2020-05-06,2009.0,Sunny,16.0,32.0,24.0,9.0,33.0,9.0,1012.0,0
721,2020-05-06,2010.0,Sunny,19.0,34.0,26.5,7.0,45.0,20.0,1006.0,1
722,2020-05-06,2011.0,Sunny,20.0,32.0,26.0,8.0,44.0,13.0,1008.0,1
723,2020-05-06,2012.0,Sunny,19.0,30.0,24.5,6.0,48.0,13.0,1008.0,1
724,2020-05-06,2013.0,Sunny,20.0,34.0,27.0,12.0,25.0,4.0,1007.0,1
731,2020-05-07,2009.0,Sunny,19.0,34.0,26.5,9.0,21.0,10.0,1007.0,0
732,2020-05-07,2010.0,partly cloudy,21.0,33.0,27.0,9.0,43.0,32.0,1006.0,1
733,2020-05-07,2011.0,Sunny,17.0,33.0,25.0,8.0,35.0,2.0,1006.0,1
734,2020-05-07,2012.0,Sunny,22.0,32.0,27.0,8.0,38.0,11.0,1007.0,0
736,2020-05-08,2009.0,Sunny,20.0,35.0,27.5,6.0,23.0,15.0,1006.0,0
737,2020-05-08,2010.0,Sunny,19.0,33.0,26.0,8.0,40.0,22.0,1007.0,1
738,2020-05-08,2011.0,Sunny,19.0,36.0,27.5,7.0,25.0,2.0,1003.0,0
739,2020-05-08,2012.0,Sunny,21.0,34.0,27.5,11.0,30.0,3.0,1007.0,0
741,2020-05-09,2009.0,Sunny,20.0,35.0,27.5,10.0,23.0,11.0,1004.0,0
742,2020-05-09,2010.0,Sunny,20.0,36.0,28.0,9.0,33.0,6.0,1004.0,0
743,2020-05-09,2011.0,Sunny,21.0,35.0,28.0,10.0,33.0,6.0,1003.0,1
744,2020-05-09,2012.0,Sunny,22.0,35.0,28.5,9.0,25.0,10.0,1008.0,0
745,2020-05-09,2013.0,Sunny,21.0,35.0,28.0,13.0,22.0,2.0,1005.0,0
746,2020-05-10,2009.0,Sunny,21.0,33.0,27.0,11.0,28.0,8.0,1003.0,1
747,2020-05-10,2010.0,Sunny,21.0,35.0,28.0,10.0,36.0,11.0,1005.0,1
748,2020-05-10,2011.0,Sunny,21.0,36.0,28.5,11.0,31.0,2.0,1003.0,1
749,2020-05-10,2012.0,Sunny,23.0,34.0,28.5,10.0,33.0,12.0,1009.0,1
750,2020-05-10,2013.0,Sunny,23.0,36.0,29.5,12.0,18.0,23.0,1003.0,0
751,2020-05-11,2009.0,Sunny,17.0,35.0,26.0,9.0,22.0,1.0,1004.0,0
752,2020-05-11,2010.0,Sunny,20.0,36.0,28.0,10.0,28.0,3.0,1005.0,0
754,2020-05-11,2012.0,Sunny,23.0,34.0,28.5,11.0,32.0,7.0,1007.0,1
755,2020-05-11,2013.0,partly cloudy,24.0,33.0,28.5,11.0,24.0,34.0,1002.0,0
756,2020-05-12,2009.0,Sunny,17.0,36.0,26.5,8.0,17.0,0.0,1005.0,0
757,2020-05-12,2010.0,Sunny,21.0,37.0,29.0,10.0,28.0,4.0,1004.0,1
759,2020-05-12,2012.0,Sunny,20.0,31.0,25.5,13.0,38.0,10.0,1007.0,1
760,2020-05-12,2013.0,partly cloudy,22.0,30.0,26.0,7.0,32.0,26.0,1007.0,1
761,2020-05-13,2009.0,Sunny,20.0,39.0,29.5,8.0,18.0,3.0,1002.0,0
762,2020-05-13,2010.0,Sunny,22.0,36.0,29.0,11.0,30.0,9.0,1005.0,1
763,2020-05-13,2011.0,Sunny,21.0,35.0,28.0,9.0,27.0,2.0,1006.0,1
764,2020-05-13,2012.0,Sunny,20.0,32.0,26.0,9.0,29.0,8.0,1007.0,1
765,2020-05-13,2013.0,Sunny,20.0,32.0,26.0,8.0,33.0,12.0,1006.0,1
766,2020-05-14,2009.0,Sunny,21.0,39.0,30.0,9.0,18.0,4.0,1001.0,0
767,2020-05-14,2010.0,Sunny,20.0,36.0,28.0,11.0,26.0,1.0,1004.0,0
768,2020-05-14,2011.0,Sunny,22.0,38.0,30.0,11.0,19.0,0.0,1005.0,0
770,2020-05-14,2013.0,Sunny,20.0,33.0,26.5,10.0,34.0,10.0,1005.0,1
771,2020-05-15,2009.0,Sunny,22.0,39.0,30.5,10.0,18.0,2.0,1002.0,0
772,2020-05-15,2010.0,Sunny,20.0,38.0,29.0,9.0,22.0,7.0,1004.0,0
773,2020-05-15,2011.0,Sunny,23.0,39.0,31.0,10.0,17.0,0.0,1006.0,0
774,2020-05-15,2012.0,Sunny,21.0,34.0,27.5,12.0,30.0,11.0,1006.0,1
775,2020-05-15,2013.0,Sunny,21.0,34.0,27.5,12.0,28.0,5.0,1004.0,0
776,2020-05-16,2009.0,Sunny,22.0,39.0,30.5,11.0,17.0,0.0,1005.0,0
777,2020-05-16,2010.0,Sunny,23.0,39.0,31.0,13.0,20.0,16.0,1004.0,0
778,2020-05-16,2011.0,Sunny,25.0,40.0,32.5,10.0,18.0,0.0,1008.0,0
779,2020-05-16,2013.0,Sunny,22.0,36.0,29.0,12.0,17.0,0.0,1001.0,0
783,2020-05-16,2012.0,Sunny,21.0,35.0,28.0,13.0,33.0,6.0,1004.0,1
785,2020-05-17,2009.0,Sunny,22.0,40.0,31.0,10.0,16.0,0.0,1006.0,0
787,2020-05-17,2011.0,Sunny,26.0,41.0,33.5,10.0,19.0,0.0,1007.0,0
788,2020-05-17,2012.0,Sunny,22.0,33.0,27.5,12.0,35.0,13.0,1005.0,1
789,2020-05-17,2013.0,Sunny,23.0,38.0,30.5,11.0,13.0,0.0,1002.0,0
790,2020-05-18,2009.0,Sunny,23.0,42.0,32.5,10.0,14.0,0.0,1003.0,0
791,2020-05-18,2010.0,Sunny,22.0,35.0,28.5,10.0,40.0,16.0,1007.0,1
792,2020-05-18,2011.0,Sunny,26.0,39.0,32.5,9.0,23.0,1.0,1003.0,1
793,2020-05-18,2012.0,Sunny,19.0,33.0,26.0,12.0,31.0,5.0,1007.0,1
794,2020-05-18,2013.0,Sunny,24.0,40.0,32.0,13.0,13.0,0.0,1002.0,0
795,2020-05-19,2009.0,Sunny,25.0,42.0,33.5,12.0,16.0,10.0,1004.0,1
796,2020-05-19,2010.0,Sunny,21.0,36.0,28.5,13.0,28.0,5.0,1006.0,0
797,2020-05-19,2011.0,Sunny,26.0,40.0,33.0,11.0,22.0,0.0,999.0,0
798,2020-05-19,2012.0,Sunny,20.0,35.0,27.5,10.0,23.0,2.0,1007.0,0
800,2020-05-20,2009.0,Sunny,25.0,41.0,33.0,10.0,19.0,3.0,1004.0,0
801,2020-05-20,2010.0,Sunny,20.0,38.0,29.0,12.0,21.0,0.0,1004.0,0
802,2020-05-20,2011.0,Sunny,25.0,39.0,32.0,7.0,25.0,1.0,998.0,1
803,2020-05-21,2011.0,Sunny,24.0,36.0,30.0,11.0,34.0,5.0,998.0,1
804,2020-05-21,2012.0,Sunny,22.0,31.0,26.5,11.0,34.0,22.0,1007.0,1
805,2020-05-22,2009.0,Sunny,24.0,40.0,32.0,12.0,17.0,3.0,1003.0,0
806,2020-05-22,2010.0,partly cloudy,24.0,42.0,33.0,10.0,18.0,21.0,1003.0,0
807,2020-05-22,2011.0,Sunny,23.0,35.0,29.0,9.0,31.0,3.0,1002.0,1
808,2020-05-22,2012.0,Sunny,20.0,33.0,26.5,12.0,32.0,11.0,1007.0,1
810,2020-05-23,2009.0,Sunny,23.0,40.0,31.5,9.0,17.0,0.0,1002.0,0
811,2020-05-23,2010.0,Sunny,25.0,40.0,32.5,12.0,28.0,6.0,1003.0,1
812,2020-05-23,2011.0,Sunny,24.0,37.0,30.5,8.0,25.0,2.0,1004.0,0
815,2020-05-24,2009.0,Sunny,22.0,39.0,30.5,10.0,15.0,1.0,1001.0,0
818,2020-07-01,2009.0,Sunny,25.0,41.0,33.0,10.0,16.0,6.0,998.0,0
819,2020-07-01,2010.0,Sunny,27.0,41.0,34.0,12.0,24.0,4.0,999.0,0
820,2020-07-01,2012.0,Sunny,26.0,35.0,30.5,8.0,45.0,12.0,998.0,1
821,2020-07-01,2012.0,Sunny,29.0,42.0,35.5,10.0,18.0,1.0,996.0,0
822,2020-07-01,2013.0,Sunny,26.0,37.0,31.5,11.0,38.0,6.0,998.0,1
823,2020-07-02,2009.0,Sunny,25.0,39.0,32.0,8.0,24.0,11.0,997.0,1
825,2020-07-02,2010.0,Sunny,27.0,40.0,33.5,9.0,21.0,5.0,1002.0,0
826,2020-07-02,2011.0,Sunny,26.0,34.0,30.0,8.0,44.0,15.0,998.0,1
827,2020-07-02,2012.0,Sunny,30.0,42.0,36.0,10.0,17.0,0.0,997.0,0
828,2020-07-02,2013.0,Sunny,27.0,37.0,32.0,9.0,30.0,10.0,997.0,1
829,2020-07-03,2009.0,Thundery outbreaks possible,25.0,34.0,29.5,7.0,36.0,24.0,1000.0,1
830,2020-07-03,2010.0,Sunny,26.0,41.0,33.5,8.0,19.0,4.0,1002.0,0
831,2020-07-03,2011.0,Sunny,26.0,35.0,30.5,6.0,46.0,19.0,1000.0,1
832,2020-07-03,2012.0,Sunny,30.0,42.0,36.0,9.0,18.0,0.0,993.0,0
833,2020-07-03,2013.0,Sunny,27.0,38.0,32.5,8.0,27.0,4.0,999.0,1
834,2020-07-04,2009.0,Sunny,24.0,36.0,30.0,11.0,28.0,12.0,1000.0,1
837,2020-07-04,2010.0,Sunny,27.0,40.0,33.5,9.0,21.0,8.0,1003.0,0
838,2020-07-04,2011.0,Sunny,26.0,36.0,31.0,7.0,38.0,5.0,1002.0,1
839,2020-07-04,2012.0,Sunny,31.0,42.0,36.5,11.0,20.0,2.0,993.0,0
840,2020-07-04,2013.0,Sunny,29.0,39.0,34.0,7.0,27.0,4.0,998.0,0
841,2020-07-05,2009.0,Sunny,23.0,38.0,30.5,9.0,25.0,3.0,1000.0,0
843,2020-07-05,2010.0,Sunny,27.0,40.0,33.5,9.0,24.0,7.0,1002.0,1
844,2020-07-05,2011.0,Sunny,27.0,37.0,32.0,8.0,31.0,5.0,1002.0,0
845,2020-07-05,2012.0,Sunny,31.0,41.0,36.0,12.0,21.0,4.0,994.0,0
846,2020-07-05,2013.0,Sunny,30.0,39.0,34.5,9.0,30.0,7.0,997.0,0
847,2020-07-06,2009.0,Sunny,25.0,41.0,33.0,11.0,17.0,0.0,998.0,0
848,2020-07-06,2010.0,Sunny,26.0,39.0,32.5,9.0,36.0,13.0,1003.0,1
849,2020-07-06,2011.0,partly cloudy,29.0,37.0,33.0,10.0,35.0,26.0,1002.0,1
850,2020-07-06,2012.0,Sunny,31.0,41.0,36.0,12.0,23.0,6.0,993.0,0
851,2020-07-06,2013.0,Sunny,30.0,39.0,34.5,11.0,38.0,14.0,999.0,1
852,2020-07-07,2009.0,Sunny,26.0,43.0,34.5,12.0,14.0,1.0,997.0,0
853,2020-07-07,2010.0,Sunny,26.0,39.0,32.5,9.0,37.0,12.0,1005.0,0
854,2020-07-07,2011.0,Patchy rain possible,29.0,36.0,32.5,10.0,46.0,23.0,1001.0,1
855,2020-07-07,2012.0,Sunny,29.0,38.0,33.5,12.0,36.0,22.0,994.0,1
856,2020-07-07,2013.0,Sunny,29.0,37.0,33.0,10.0,46.0,19.0,999.0,1
857,2020-07-08,2009.0,Sunny,27.0,43.0,35.0,10.0,13.0,3.0,997.0,0
858,2020-07-08,2010.0,Sunny,26.0,41.0,33.5,8.0,31.0,12.0,1004.0,1
859,2020-07-08,2011.0,Sunny,27.0,35.0,31.0,8.0,50.0,15.0,1003.0,1
860,2020-07-08,2012.0,Sunny,28.0,37.0,32.5,9.0,42.0,18.0,997.0,1
861,2020-07-08,2013.0,Patchy rain possible,28.0,37.0,32.5,10.0,44.0,16.0,997.0,1
862,2020-07-09,2009.0,Sunny,28.0,42.0,35.0,10.0,17.0,1.0,999.0,0
863,2020-07-09,2010.0,Sunny,28.0,42.0,35.0,7.0,26.0,12.0,1001.0,0
864,2020-07-09,2011.0,Sunny,27.0,34.0,30.5,7.0,48.0,15.0,1002.0,1
865,2020-07-09,2012.0,Patchy rain possible,28.0,37.0,32.5,8.0,43.0,21.0,999.0,1
866,2020-07-09,2013.0,Patchy rain possible,28.0,36.0,32.0,10.0,45.0,23.0,997.0,1
872,2020-07-10,2009.0,Sunny,27.0,41.0,34.0,11.0,21.0,5.0,1000.0,0
873,2020-07-10,2010.0,Sunny,29.0,43.0,36.0,10.0,24.0,9.0,998.0,1
874,2020-07-10,2011.0,Sunny,26.0,35.0,30.5,7.0,43.0,14.0,1001.0,1
875,2020-07-10,2012.0,Sunny,28.0,38.0,33.0,8.0,38.0,10.0,1000.0,1
876,2020-07-10,2013.0,Sunny,26.0,34.0,30.0,8.0,45.0,19.0,998.0,1
877,2020-07-11,2009.0,Sunny,27.0,42.0,34.5,8.0,23.0,5.0,999.0,0
878,2020-07-11,2010.0,Sunny,29.0,43.0,36.0,10.0,23.0,3.0,997.0,0
879,2020-07-11,2011.0,Sunny,26.0,35.0,30.5,6.0,44.0,10.0,999.0,1
880,2020-07-11,2012.0,Sunny,29.0,38.0,33.5,8.0,37.0,13.0,1000.0,1
881,2020-07-11,2013.0,Sunny,26.0,36.0,31.0,7.0,32.0,5.0,999.0,0
882,2020-07-12,2009.0,Sunny,30.0,42.0,36.0,9.0,23.0,6.0,996.0,0
883,2020-07-12,2010.0,Sunny,28.0,42.0,35.0,8.0,24.0,8.0,997.0,0
884,2020-07-12,2011.0,Sunny,29.0,37.0,33.0,7.0,40.0,12.0,997.0,1
885,2020-07-12,2012.0,Sunny,29.0,38.0,33.5,9.0,39.0,16.0,999.0,1
886,2020-07-13,2009.0,Sunny,30.0,41.0,35.5,11.0,25.0,6.0,995.0,0
887,2020-07-13,2010.0,Sunny,28.0,39.0,33.5,6.0,29.0,17.0,1001.0,1
888,2020-07-13,2011.0,Sunny,29.0,37.0,33.0,8.0,46.0,16.0,997.0,1
889,2020-07-13,2012.0,Sunny,28.0,37.0,32.5,10.0,42.0,16.0,998.0,1
890,2020-07-13,2013.0,Sunny,30.0,39.0,34.5,9.0,33.0,6.0,999.0,0
891,2020-07-14,2009.0,Sunny,28.0,41.0,34.5,9.0,27.0,8.0,998.0,1
892,2020-07-14,2010.0,Sunny,26.0,39.0,32.5,9.0,31.0,12.0,1002.0,0
893,2020-07-14,2011.0,partly cloudy,29.0,36.0,32.5,7.0,48.0,23.0,997.0,1
894,2020-07-14,2012.0,Sunny,27.0,36.0,31.5,10.0,42.0,11.0,998.0,1
895,2020-07-14,2013.0,Sunny,30.0,39.0,34.5,8.0,35.0,11.0,998.0,1
896,2020-07-15,2009.0,Sunny,28.0,42.0,35.0,10.0,18.0,4.0,997.0,0
897,2020-07-15,2010.0,Sunny,27.0,41.0,34.0,9.0,24.0,5.0,1002.0,0
898,2020-07-15,2011.0,Patchy rain possible,27.0,35.0,31.0,9.0,52.0,17.0,997.0,1
899,2020-07-15,2012.0,Sunny,27.0,35.0,31.0,8.0,40.0,26.0,999.0,1
900,2020-07-15,2013.0,Sunny,31.0,39.0,35.0,10.0,35.0,20.0,998.0,1
901,2020-07-16,2009.0,Sunny,28.0,41.0,34.5,9.0,20.0,5.0,998.0,0
902,2020-07-16,2010.0,Sunny,28.0,43.0,35.5,7.0,22.0,2.0,999.0,0
903,2020-07-16,2011.0,Sunny,26.0,32.0,29.0,8.0,54.0,14.0,999.0,1
904,2020-07-16,2012.0,Sunny,27.0,37.0,32.0,9.0,36.0,12.0,1002.0,1
905,2020-07-16,2013.0,Sunny,30.0,39.0,34.5,8.0,40.0,25.0,999.0,1
906,2020-07-17,2009.0,Sunny,28.0,43.0,35.5,8.0,22.0,4.0,995.0,0
907,2020-07-17,2010.0,Sunny,29.0,43.0,36.0,10.0,23.0,4.0,999.0,0
908,2020-07-17,2011.0,Sunny,26.0,35.0,30.5,6.0,45.0,9.0,998.0,1
909,2020-07-17,2012.0,Sunny,29.0,39.0,34.0,10.0,30.0,8.0,1001.0,1
910,2020-07-17,2013.0,Sunny,29.0,36.0,32.5,8.0,49.0,26.0,998.0,1
911,2020-07-18,2009.0,Sunny,30.0,42.0,36.0,11.0,29.0,10.0,997.0,0
912,2020-07-18,2010.0,Sunny,30.0,43.0,36.5,9.0,28.0,5.0,997.0,0
913,2020-07-18,2011.0,Sunny,27.0,35.0,31.0,6.0,42.0,10.0,998.0,1
914,2020-07-18,2012.0,Sunny,30.0,40.0,35.0,8.0,30.0,7.0,996.0,1
915,2020-07-18,2013.0,Sunny,29.0,37.0,33.0,8.0,50.0,17.0,995.0,1
916,2020-07-19,2009.0,Sunny,28.0,42.0,35.0,8.0,37.0,10.0,997.0,1
917,2020-07-19,2010.0,Sunny,31.0,44.0,37.5,11.0,28.0,9.0,994.0,0
918,2020-07-19,2011.0,Sunny,28.0,36.0,32.0,6.0,42.0,9.0,995.0,1
919,2020-07-19,2012.0,Sunny,28.0,39.0,33.5,11.0,32.0,5.0,995.0,1
920,2020-07-19,2013.0,Sunny,29.0,38.0,33.5,12.0,49.0,22.0,993.0,1
921,2020-07-20,2009.0,Sunny,30.0,43.0,36.5,10.0,30.0,11.0,996.0,1
923,2020-07-20,2011.0,Sunny,29.0,38.0,33.5,5.0,36.0,6.0,993.0,1
924,2020-07-20,2012.0,Sunny,28.0,39.0,33.5,8.0,29.0,7.0,997.0,1
925,2020-07-20,2013.0,Patchy rain possible,27.0,33.0,30.0,12.0,64.0,29.0,998.0,1
926,2020-08-01,2009.0,Sunny,28.0,41.0,34.5,8.0,34.0,10.0,998.0,0
927,2020-08-01,2010.0,partly cloudy,25.0,34.0,29.5,7.0,70.0,22.0,1002.0,1
928,2020-08-01,2011.0,Sunny,27.0,37.0,32.0,8.0,39.0,4.0,997.0,1
929,2020-08-01,2012.0,Sunny,29.0,37.0,33.0,9.0,47.0,30.0,997.0,1
930,2020-08-01,2013.0,Patchy rain possible,28.0,34.0,31.0,12.0,61.0,43.0,997.0,1
931,2020-08-02,2009.0,Sunny,29.0,42.0,35.5,8.0,29.0,8.0,998.0,0
933,2020-08-02,2011.0,Sunny,27.0,37.0,32.0,7.0,38.0,6.0,996.0,1
934,2020-08-02,2012.0,Sunny,28.0,38.0,33.0,7.0,52.0,18.0,996.0,1
936,2020-08-03,2009.0,Sunny,28.0,42.0,35.0,7.0,23.0,2.0,997.0,0
937,2020-08-03,2010.0,partly cloudy,25.0,33.0,29.0,7.0,75.0,32.0,1001.0,1
938,2020-08-03,2011.0,Sunny,27.0,36.0,31.5,9.0,49.0,14.0,997.0,1
939,2020-08-03,2012.0,Sunny,28.0,37.0,32.5,10.0,52.0,20.0,993.0,1
940,2020-08-03,2013.0,Patchy rain possible,26.0,34.0,30.0,5.0,61.0,27.0,1004.0,1
941,2020-08-04,2009.0,Sunny,26.0,43.0,34.5,8.0,17.0,0.0,996.0,0
943,2020-08-04,2011.0,Sunny,28.0,34.0,31.0,9.0,60.0,34.0,997.0,1
944,2020-08-04,2012.0,partly cloudy,26.0,35.0,30.5,11.0,54.0,30.0,997.0,1
945,2020-08-04,2013.0,Sunny,28.0,35.0,31.5,7.0,52.0,19.0,1002.0,0
946,2020-08-05,2009.0,Sunny,27.0,43.0,35.0,8.0,17.0,0.0,995.0,0
947,2020-08-05,2010.0,partly cloudy,26.0,35.0,30.5,8.0,64.0,31.0,1002.0,1
948,2020-08-05,2011.0,Sunny,28.0,34.0,31.0,5.0,56.0,26.0,996.0,0
949,2020-08-05,2012.0,Sunny,25.0,34.0,29.5,7.0,53.0,13.0,1001.0,1
950,2020-08-05,2013.0,Sunny,29.0,36.0,32.5,5.0,49.0,30.0,1000.0,1
951,2020-08-06,2009.0,Sunny,28.0,43.0,35.5,9.0,20.0,4.0,996.0,0
953,2020-08-06,2011.0,partly cloudy,29.0,35.0,32.0,5.0,53.0,28.0,996.0,1
954,2020-08-06,2012.0,Sunny,25.0,35.0,30.0,7.0,47.0,6.0,1001.0,1
955,2020-08-06,2013.0,Moderate or heavy rain shower,27.0,33.0,30.0,9.0,65.0,31.0,1001.0,1
956,2020-08-07,2009.0,Sunny,30.0,41.0,35.5,8.0,27.0,13.0,998.0,0
958,2020-08-07,2011.0,Sunny,28.0,35.0,31.5,9.0,60.0,23.0,996.0,1
959,2020-08-07,2012.0,Sunny,26.0,37.0,31.5,10.0,39.0,11.0,1001.0,1
960,2020-08-07,2013.0,partly cloudy,26.0,32.0,29.0,8.0,71.0,35.0,1002.0,1
961,2020-08-08,2009.0,Sunny,28.0,41.0,34.5,8.0,29.0,15.0,998.0,0
962,2020-08-08,2010.0,partly cloudy,25.0,32.0,28.5,5.0,75.0,38.0,1003.0,0
965,2020-08-08,2013.0,Sunny,26.0,34.0,30.0,8.0,65.0,29.0,1000.0,1
966,2020-08-09,2009.0,Sunny,28.0,42.0,35.0,7.0,30.0,20.0,997.0,0
968,2020-08-09,2011.0,partly cloudy,26.0,33.0,29.5,6.0,65.0,32.0,999.0,1
969,2020-08-09,2012.0,Sunny,27.0,37.0,32.0,8.0,44.0,16.0,998.0,1
970,2020-08-09,2013.0,Sunny,27.0,34.0,30.5,8.0,63.0,25.0,999.0,1
971,2020-08-10,2009.0,partly cloudy,29.0,41.0,35.0,7.0,34.0,31.0,998.0,1
972,2020-08-10,2010.0,Sunny,25.0,33.0,29.0,6.0,67.0,22.0,1002.0,1
973,2020-08-10,2011.0,partly cloudy,26.0,33.0,29.5,9.0,66.0,32.0,1000.0,1
974,2020-08-10,2012.0,Sunny,26.0,35.0,30.5,7.0,52.0,12.0,1000.0,1
975,2020-08-10,2013.0,Sunny,26.0,35.0,30.5,10.0,66.0,21.0,1001.0,1
976,2020-08-11,2009.0,Sunny,30.0,42.0,36.0,9.0,31.0,24.0,1001.0,1
977,2020-08-11,2010.0,Patchy rain possible,25.0,35.0,30.0,6.0,65.0,27.0,1002.0,1
978,2020-08-11,2011.0,partly cloudy,26.0,33.0,29.5,5.0,64.0,24.0,999.0,1
979,2020-08-11,2012.0,Sunny,26.0,35.0,30.5,7.0,45.0,10.0,1001.0,1
980,2020-08-11,2013.0,partly cloudy,27.0,34.0,30.5,8.0,62.0,33.0,1003.0,1
981,2020-08-12,2009.0,Sunny,27.0,42.0,34.5,7.0,24.0,1.0,1001.0,0
982,2020-08-12,2010.0,Patchy rain possible,25.0,34.0,29.5,8.0,69.0,29.0,1002.0,1
983,2020-08-12,2011.0,Sunny,25.0,32.0,28.5,9.0,68.0,27.0,999.0,0
984,2020-08-12,2012.0,Sunny,25.0,35.0,30.0,5.0,45.0,10.0,1002.0,1
985,2020-08-12,2013.0,partly cloudy,27.0,33.0,30.0,7.0,67.0,33.0,1002.0,1
986,2020-08-13,2009.0,Sunny,27.0,42.0,34.5,8.0,20.0,1.0,999.0,0
