[[,Unnamed: 0,daymonth_category,daymonth,weather,max_temp,min_temp,wind,rain,humidity,cloud,pressure,year,weathervalue,avg_temp
0,11/17/2020 11:29:59,01/01/2020,01/01/2020,Sunny,18,6,7,0,41,12,1024,2009,1,12
1,11/17/2020 11:30:39,01/01/2020,01/01/2020,Sunny,19,4,8,0,23,3,1019,2010,1,11.5
2,11/17/2020 11:31:16,01/01/2020,01/01/2020,Sunny,18,4,7,0,38,13,1018,2011,1,11
3,11/17/2020 11:31:52,01/01/2020,01/01/2020,Sunny,14,4,9,0,37,4,1023,2012,1,9
4,11/17/2020 11:32:38,01/01/2020,01/01/2020,Sunny,17,6,10,0,32,0,1017,2013,1,11.5
5,11/17/2020 11:34:29,01/02/2020,01/02/2020,Sunny,18,7,7,0,36,19,1019,2009,1,12.5
6,11/17/2020 11:34:50,01/02/2020,01/02/2020,Sunny,20,6,8,0,30,5,1019,2010,1,13
7,11/17/2020 11:35:09,01/02/2020,01/02/2020,,17,4,6,0,42,0,1016,2011,1,10.5
8,11/17/2020 11:35:28,01/02/2020,01/02/2020,Sunny,18,7,8,0,25,13,1019,2012,1,12.5
9,11/17/2020 11:35:52,01/02/2020,01/02/2020,Sunny,16,5,9,0,24,1,1017,2013,1,10.5
10,11/17/2020 11:38:21,01/02/2020,01/02/2020,Sunny,16,5,9,0,24,,1017,2013,1,10.5
11,11/17/2020 11:41:30,01/03/2020,01/03/2020,partly cloud,15,8,5,0.1,46,41,1019,2009,2,11.5
12,11/17/2020 11:41:45,01/03/2020,01/03/2020,partly cloud,16,5,5,0,36,39,1020,2010,2,
13,11/17/2020 11:41:59,01/03/2020,01/03/2020,Sunny,18,4,6,0,35,7,1019,2011,1,11
14,11/17/2020 11:42:14,01/03/2020,01/03/2020,Sunny,18,8,7,0,29,11,1017,2012,1,13
15,11/17/2020 11:42:31,01/03/2020,01/03/2020,Sunny,16,5,8,0,23,0,1018,2013,1,10.5
16,11/17/2020 11:44:18,01/04/2020,01/04/2020,partly cloud,15,8,7,0,54,27,1019,2009,2,11.5
17,11/17/2020 11:44:33,01/04/2020,01/04/2020,Sunny,18,4,8,0,44,1,1018,2010,1,11
18,11/17/2020 11:44:47,01/04/2020,01/04/2020,Sunny,17,4,8,0,26,1,1019,2011,1,10.5
19,11/17/2020 11:45:01,01/04/2020,01/04/2020,partly cloud,16,8,9,0.3,38,42,1018,2012,2,12
20,11/17/2020 11:47:06,01/04/2020,01/04/2020,Sunny,15,4,13,0,24,0,1019,2013,1,9.5
21,11/17/2020 11:47:54,01/05/2020,01/05/2020,Sunny,16,5,7,0,52,3,1017,2009,1,10.5
22,11/17/2020 11:48:09,01/05/2020,01/05/2020,Sunny,21,5,7,0,42,2,1014,2010,1,13
23,11/17/2020 11:48:23,01/05/2020,01/05/2020,Sunny,17,3,9,0,28,7,1019,2011,1,10
24,11/17/2020 11:48:37,01/05/2020,01/05/2020,partly cloud,15,8,8,0.3,49,37,1019,2012,2,11.5
25,11/17/2020 11:48:55,01/05/2020,01/05/2020,Sunny,15,4,9,0,26,0,1016,2013,1,9.5
26,11/17/2020 11:50:21,01/06/2020,01/06/2020,Sunny,16,5,7,0,52,3,1017,2009,1,10.5
27,11/17/2020 11:50:36,01/06/2020,01/06/2020,Sunny,21,5,7,0,42,2,1014,2010,1,13
28,11/17/2020 11:50:51,01/06/2020,01/06/2020,Sunny,17,3,9,0,28,7,1019,2011,1,10
29,11/17/2020 11:51:05,01/06/2020,01/06/2020,partly cloud,15,8,8,0.3,49,37,1019,2012,2,11.5
30,11/17/2020 11:51:23,01/06/2020,01/06/2020,Sunny,15,4,9,0,26,0,1016,2013,1,9.5
31,11/17/2020 11:53:08,01/06/2020,01/06/2020,Sunny,17,5,6,0,54,8,1018,2009,1,11
32,11/17/2020 11:53:38,01/06/2020,01/06/2020,Sunny,19,4,8,0,26,22,1020,2011,1,11.5
33,11/17/2020 11:53:52,01/06/2020,01/06/2020,partly cloud,14,7,10,1,52,45,1018,2012,2,10.5
34,11/17/2020 11:54:10,01/06/2020,01/06/2020,Sunny,15,4,9,0,26,0,1018,2013,1,9.5
35,11/17/2020 11:54:57,01/07/2020,01/07/2020,Sunny,17,5,6,0,55,4,1021,2009,1,11
36,11/17/2020 11:55:12,01/07/2020,01/07/2020,Sunny,21,7,8,0,26,9,1018,2010,1,14
37,11/17/2020 11:55:26,01/07/2020,01/07/2020,partly cloud,18,6,8,0,28,49,1019,2011,2,12
38,11/17/2020 11:55:40,01/07/2020,01/07/2020,Patchy,17,7,8,0.2,36,60,1019,2012,5,12
39,11/17/2020 11:56:45,01/08/2020,01/08/2020,Sunny,17,6,8,0,45,3,1024,2009,1,11.5
40,11/17/2020 11:57:00,01/08/2020,01/08/2020,Sunny,19,6,8,0,21,1,1018,2010,1,12.5
41,11/17/2020 11:57:15,01/08/2020,01/08/2020,Sunny,17,6,9,0,42,39,1017,2011,1,11.5
42,11/17/2020 11:57:29,01/08/2020,01/08/2020,Sunny,13,4,9,0,46,18,1023,2012,1,8.5
43,11/17/2020 11:57:47,01/08/2020,01/08/2020,Sunny,14,3,9,0,27,31,1020,2013,1,8.5
44,11/17/2020 11:58:34,01/09/2020,01/09/2020,Sunny,18,6,8,0,35,22,1024,2009,1,12
45,11/17/2020 11:58:49,01/09/2020,01/09/2020,Sunny,19,6,9,0,22,2,1018,2010,1,12.5
46,11/17/2020 11:59:03,01/09/2020,01/09/2020,Sunny,17,5,9,0,43,2,1018,2011,1,11
47,11/17/2020 11:59:17,01/09/2020,01/09/2020,partly cloud,17,6,9,1.1,39,46,1019,2012,2,11.5
48,11/17/2020 12:15:58,01/10/2020,01/10/2020,Sunny,23,10,8,0,28,1,1013,2009,1,16.5
49,11/17/2020 12:21:42,01/10/2020,01/10/2020,Sunny,23,10,8,0,28,1,1013,2009,1,16.5
50,11/17/2020 12:22:08,01/10/2020,01/10/2020,Sunny,26,10,8,0,17,0,1016,2010,1,18
51,11/17/2020 12:22:32,01/10/2020,01/10/2020,Sunny,,13,11,0,34,5,1015,2011,1,18.5
52,11/17/2020 12:22:56,01/10/2020,01/10/2020,Sunny,25,12,7,0,11,5,1017,2012,1,18.5
53,11/17/2020 12:23:26,01/10/2020,01/10/2020,partly cloud,23,11,8,0,17,33,1019,2013,2,17
54,11/17/2020 12:31:35,01/11/2020,01/11/2020,Sunny,18,6,6,0,35,21,1022,2009,1,12
55,11/17/2020 12:31:50,01/11/2020,01/11/2020,Sunny,20,4,7,0,21,0,1019,2010,1,12
56,11/17/2020 12:32:04,01/11/2020,01/11/2020,Sunny,19,6,8,,29,9,1016,2011,1,12.5
57,11/17/2020 12:32:18,01/11/2020,01/11/2020,Sunny,14,4,8,0,32,1,1021,2012,1,
58,11/17/2020 12:32:36,01/11/2020,01/11/2020,Sunny,19,7,9,0,26,19,1017,2013,1,13
59,11/17/2020 12:34:33,01/12/2020,01/12/2020,Sunny,18,7,8,0,31,23,1024,2009,1,12.5
60,11/17/2020 12:34:48,01/12/2020,01/12/2020,partly cloud,20,,7,0,18,31,1017,2010,2,11.5
61,11/17/2020 12:35:02,01/12/2020,01/12/2020,Sunny,19,6,8,0,33,,1015,2011,1,12.5
62,11/17/2020 12:35:17,01/12/2020,01/12/2020,Sunny,16,5,9,0,32,4,1021,2012,1,10.5
63,11/17/2020 12:35:34,01/12/2020,01/12/2020,partly cloud,18,9,10,0.3,46,33,1017,2013,2,13.5
64,11/17/2020 12:36:22,01/13/2020,01/13/2020,partly cloud,17,6,7,0,33,29,1026,2009,2,11.5
65,11/17/2020 12:36:37,01/13/2020,01/13/2020,Sunny,,6,7,0,28,14,1019,2010,1,12
66,11/17/2020 12:36:51,01/13/2020,01/13/2020,Sunny,19,6,9,0,24,17,1016,2011,1,12.5
67,11/17/2020 12:37:05,01/13/2020,01/13/2020,Sunny,16,5,8,0,30,21,1020,2012,1,10.5
68,11/17/2020 12:37:23,01/13/2020,01/13/2020,Sunny,18,7,12,0,44,3,1016,2013,1,12.5
69,11/17/2020 12:38:10,01/14/2020,01/14/2020,partly cloud,19,5,6,0,38,28,1025,2009,2,12
70,11/17/2020 12:38:25,01/14/2020,01/14/2020,Sunny,19,4,8,0,26,4,1024,2010,1,11.5
71,11/17/2020 12:38:40,01/14/2020,01/14/2020,Sunny,17,5,10,5.4,52,26,1014,2011,1,11
72,11/17/2020 12:38:54,01/14/2020,01/14/2020,Sunny,16,5,9,1.3,35,33,1018,2012,1,10.5
73,11/17/2020 12:39:11,01/14/2020,01/14/2020,Cloudy,18,6,10,0,27,46,1016,2013,4,12
74,11/17/2020 12:39:59,01/15/2020,01/15/2020,Sunny,21,9,6,0,40,47,1023,2009,1,15
75,11/17/2020 12:40:14,01/15/2020,01/15/2020,Sunny,21,5,7,0,30,7,1024,2010,1,13
76,11/17/2020 12:40:28,01/15/2020,01/15/2020,Sunny,13,3,8,2.1,68,5,1017,2011,1,8
77,11/17/2020 12:41:47,01/15/2020,01/15/2020,Moderate,9,7,7,9,83,72,1014,2012,3,8
78,11/17/2020 12:42:25,01/15/2020,01/15/2020,Sunny,19,7,11,0,21,12,1017,2013,1,13
79,11/17/2020 12:43:14,01/16/2020,01/16/2020,Cloudy,14,10,6,9.9,77,77,1023,2009,4,12
80,11/17/2020 12:43:29,01/16/2020,01/16/2020,Sunny,22,6,8,0,26,15,1024,2010,1,14
81,11/17/2020 12:43:43,01/16/2020,01/16/2020,Sunny,15,2,8,0,46,10,1018,2011,1,8.5
82,11/17/2020 12:43:58,01/16/2020,01/16/2020,Sunny,14,6,7,1.6,72,34,1011,2012,1,10
83,11/17/2020 12:44:15,01/16/2020,01/16/2020,Sunny,18,7,14,0.2,27,18,1019,2013,1,12.5
84,11/17/2020 12:45:02,01/17/2020,01/17/2020,Sunny,18,10,6,1.4,79,29,1021,2009,1,14
85,11/17/2020 12:45:18,01/17/2020,01/17/2020,Sunny,22,8,8,0,24,21,1022,2010,1,15
86,11/17/2020 12:45:32,01/17/2020,01/17/2020,partly cloud,15,3,5,0,43,34,1014,2011,2,9
87,11/17/2020 12:45:46,01/17/2020,01/17/2020,Sunny,15,5,7,0,56,14,1013,2012,1,10
88,11/17/2020 12:46:04,01/17/2020,01/17/2020,partly cloud,15,7,13,2.7,49,47,1018,2013,2,11
89,11/17/2020 12:46:51,01/18/2020,01/18/2020,Mist,10,7,6,10.6,88,60,1018,2009,11,8.5
90,11/17/2020 12:47:06,01/18/2020,01/18/2020,Sunny,21,7,7,0,31,11,1022,2010,1,14
91,11/17/2020 12:47:20,01/18/2020,01/18/2020,Sunny,16,4,10,0,47,5,1016,2011,1,10
92,11/17/2020 12:47:34,01/18/2020,01/18/2020,Sunny,14,5,8,0,37,6,1013,2012,1,9.5
93,11/17/2020 12:47:52,01/18/2020,01/18/2020,Overcast,12,5,7,0.4,56,52,1015,2013,6,8.5
94,11/17/2020 12:50:12,01/19/2020,01/19/2020,Sunny,16,6,7,0.1,74,4,1021,2009,1,11
95,11/17/2020 12:50:27,01/19/2020,01/19/2020,Sunny,20,7,8,0,27,4,1021,2010,1,13.5
96,11/17/2020 12:50:41,01/19/2020,01/19/2020,partly cloud,17,4,9,0,39,19,1016,2011,2,10.5
97,11/17/2020 12:50:56,01/19/2020,01/19/2020,Sunny,13,4,7,0,37,14,1016,2012,1,8.5
98,11/17/2020 12:51:13,01/19/2020,01/19/2020,Sunny,14,5,8,0,50,4,1023,2013,1,9.5
99,11/17/2020 12:52:00,01/20/2020,01/20/2020,Sunny,19,6,7,0,51,11,1020,2009,1,12.5
100,11/17/2020 12:52:16,01/20/2020,01/20/2020,Sunny,21,7,7,0,30,11,1022,2010,1,14
101,11/17/2020 12:52:30,01/20/2020,01/20/2020,partly cloud,17,6,7,0,37,46,1017,2011,2,11.5
102,11/17/2020 12:52:44,01/20/2020,01/20/2020,Sunny,13,3,9,0,37,10,1021,2012,1,8
103,11/17/2020 12:53:02,01/20/2020,01/20/2020,Sunny,16,5,10,0,32,1,1022,2013,1,10.5
104,11/17/2020 12:53:49,01/21/2020,01/21/2020,Sunny,20,7,6,0,48,16,1018,2009,1,13.5
105,11/17/2020 12:54:04,01/21/2020,01/21/2020,Sunny,22,7,7,0,32,7,1021,2010,1,14.5
106,11/17/2020 12:54:18,01/21/2020,01/21/2020,Sunny,19,8,8,0,43,25,1019,2011,1,13.5
107,11/17/2020 12:54:32,01/21/2020,01/21/2020,Sunny,14,2,10,0,32,22,1021,2012,1,8
108,11/17/2020 12:55:39,01/21/2020,01/21/2020,Sunny,17,5,9,0,30,4,1022,2013,1,11
109,11/17/2020 12:57:33,01/22/2020,01/22/2020,Sunny,21,8,6,0,49,2,1017,2009,1,14.5
110,11/17/2020 12:57:54,01/22/2020,01/22/2020,partly cloud,19,9,9,0,39,36,1020,2010,2,14
111,11/17/2020 12:58:14,01/22/2020,01/22/2020,Sunny,19,6,10,0,38,7,1018,2011,1,12.5
112,11/17/2020 12:58:33,01/22/2020,01/22/2020,partly cloud,14,7,8,0.1,31,48,1021,2012,2,10.5
113,11/17/2020 12:58:57,01/22/2020,01/22/2020,Sunny,18,5,10,0,24,9,1022,2013,1,11.5
114,11/17/2020 1:00:01,01/23/2020,01/23/2020,Sunny,21,8,7,0,50,19,1018,2009,1,14.5
115,11/17/2020 1:00:22,01/23/2020,01/23/2020,Sunny,22,9,8,0,42,22,1019,2010,1,15.5
116,11/17/2020 1:00:41,01/23/2020,01/23/2020,Sunny,19,5,9,0,26,2,1020,2011,1,12
117,11/17/2020 1:01:00,01/23/2020,01/23/2020,Sunny,15,6,10,0.1,54,28,1022,2012,1,10.5
118,11/17/2020 1:01:24,01/23/2020,01/23/2020,Sunny,16,8,13,0.1,36,30,1023,2013,1,12
119,11/17/2020 1:02:28,01/24/2020,01/24/2020,Sunny,23,12,4,0,47,29,1016,2009,1,17.5
120,11/17/2020 1:02:49,01/24/2020,01/24/2020,partly cloud,22,10,8,0,35,34,1018,2010,2,16
121,11/17/2020 1:03:08,01/24/2020,01/24/2020,Sunny,18,4,9,0,22,0,1020,2011,1,11
122,11/17/2020 1:03:28,01/24/2020,01/24/2020,Sunny,16,4,8,0,37,9,1018,2012,1,10
123,11/17/2020 1:03:52,01/24/2020,01/24/2020,Sunny,18,6,9,0,33,2,1022,2013,1,12
124,11/17/2020 1:04:55,01/25/2020,01/25/2020,partly cloud,16,9,9,7.3,79,36,1014,2009,2,12.5
125,11/17/2020 1:05:16,01/25/2020,01/25/2020,Sunny,22,10,8,0,36,4,1019,2010,1,16
126,11/17/2020 1:05:35,01/25/2020,01/25/2020,Sunny,18,4,8,0,24,0,1020,2011,1,11
127,11/17/2020 1:05:55,01/25/2020,01/25/2020,Sunny,16,7,9,0,26,28,1018,2012,1,11.5
128,11/17/2020 1:06:19,01/25/2020,01/25/2020,Sunny,19,6,8,0,29,0,1021,2013,1,12.5
129,11/17/2020 1:07:23,01/26/2020,01/26/2020,Sunny,19,10,10,0.1,66,20,1014,2009,1,14.5
130,11/17/2020 1:07:44,01/26/2020,01/26/2020,Sunny,22,9,9,0,35,13,1019,2010,1,15.5
131,11/17/2020 1:08:03,01/26/2020,01/26/2020,Sunny,18,4,8,0,29,4,1024,2011,1,11
132,11/17/2020 1:08:22,01/26/2020,01/26/2020,Sunny,16,6,11,0,39,7,1020,2012,1,11
133,11/17/2020 1:08:46,01/26/2020,01/26/2020,Sunny,19,7,10,0,26,10,1020,2013,1,13
134,11/17/2020 1:09:50,01/27/2020,01/27/2020,Sunny,18,9,6,0.2,67,29,1017,2009,1,13.5
135,11/17/2020 1:10:11,01/27/2020,01/27/2020,partly cloud,21,11,8,0,31,35,1019,2010,2,16
136,11/17/2020 1:10:30,01/27/2020,01/27/2020,Sunny,19,4,9,0,30,8,1022,2011,1,11.5
137,11/17/2020 1:10:50,01/27/2020,01/27/2020,partly cloud,16,5,10,0,32,26,1018,2012,2,10.5
138,11/17/2020 1:11:14,01/27/2020,01/27/2020,partly cloud,20,8,8,0,28,34,1018,2013,2,14
139,11/17/2020 1:12:26,01/28/2020,01/28/2020,Sunny,20,7,6,0,54,7,1016,2009,1,13.5
140,11/17/2020 1:12:47,01/28/2020,01/28/2020,Sunny,19,11,7,0,37,17,1019,2010,1,15
141,11/17/2020 1:13:07,01/28/2020,01/28/2020,partly cloud,19,5,7,0,26,47,1019,2011,2,12
142,11/17/2020 1:13:26,01/28/2020,01/28/2020,Sunny,17,5,10,0,26,5,1018,2012,1,11
143,11/17/2020 1:13:50,01/28/2020,01/28/2020,Sunny,20,8,9,0,30,10,1018,2013,1,14
144,11/17/2020 1:15:23,01/29/2020,01/29/2020,Sunny,20,8,8,0,48,4,1016,2009,1,14
145,11/17/2020 1:15:44,01/29/2020,01/29/2020,Sunny,15,8,9,5,73,31,1020,2010,1,11.5
146,11/17/2020 1:16:03,01/29/2020,01/29/2020,Cloudy,16,7,6,0.2,45,55,1019,2011,4,11.5
147,11/17/2020 1:16:22,01/29/2020,01/29/2020,Sunny,17,5,11,0,30,0,1020,2012,1,11
148,11/17/2020 1:17:21,01/29/2020,01/29/2020,Sunny,21,9,8,0,32,34,1017,2013,1,15
149,11/17/2020 1:18:19,01/30/2020,01/30/2020,Sunny,19,8,9,0,51,4,1017,2009,1,13.5
150,11/17/2020 1:18:40,01/30/2020,01/30/2020,Sunny,19,5,9,0,48,17,1020,2010,1,12
151,11/17/2020 1:18:59,01/30/2020,01/30/2020,Sunny,19,7,6,0.1,55,27,1021,2011,1,13
152,11/17/2020 1:19:19,01/30/2020,01/30/2020,Sunny,18,5,9,0,25,17,1019,2012,1,11.5
153,11/17/2020 1:19:43,01/30/2020,01/30/2020,partly cloud,20,10,7,0,25,46,1018,2013,2,15
154,11/17/2020 1:20:46,01/31/2020,01/31/2020,Sunny,20,7,9,0,40,11,1016,2009,1,13.5
155,11/17/2020 1:21:07,01/31/2020,01/31/2020,Sunny,19,7,8,0,36,22,1017,2010,1,13
156,11/17/2020 1:21:26,01/31/2020,01/31/2020,Sunny,20,6,9,0,38,14,1021,2011,1,13
157,11/17/2020 1:21:46,01/31/2020,01/31/2020,Sunny,17,7,9,0,26,14,1021,2012,1,12
158,11/17/2020 1:22:10,01/31/2020,01/31/2020,Sunny,21,11,10,0,36,29,1020,2013,1,16
159,11/17/2020 1:32:46,02/01/2020,02/01/2020,Sunny,21,8,8,0,36,1,1016,2009,1,14.5
160,11/17/2020 1:38:13,02/01/2020,02/01/2020,Sunny,21,8,8,0,36,1,1016,2009,1,14.5
161,11/17/2020 1:38:39,02/01/2020,02/01/2020,Sunny,19,7,8,0,35,4,1018,2010,1,13
162,11/17/2020 1:38:58,02/01/2020,02/01/2020,Sunny,22,8,9,0,31,13,1019,2011,1,15
163,11/17/2020 1:39:17,02/01/2020,02/01/2020,partly cloud,18,6,10,0,32,27,1021,2012,2,12
164,11/17/2020 1:39:41,02/01/2020,02/01/2020,Sunny,21,10,8,0,36,22,1019,2013,1,15.5
165,11/17/2020 1:40:52,02/02/2020,02/02/2020,Sunny,20,7,6,0,37,30,1017,2009,1,13.5
166,11/17/2020 1:41:17,02/02/2020,02/02/2020,Sunny,19,6,8,0,35,4,1018,2010,1,12.5
167,11/17/2020 1:41:36,02/02/2020,02/02/2020,partly cloud,25,9,8,0,28,27,1018,2011,2,17
168,11/17/2020 1:41:56,02/02/2020,02/02/2020,Sunny,19,8,8,0,30,35,1019,2012,1,13.5
169,11/17/2020 1:42:20,02/02/2020,02/02/2020,partly cloud,19,11,9,0.5,48,33,1019,2013,2,15
170,11/17/2020 1:43:30,02/03/2020,02/03/2020,Sunny,21,10,6,0.5,50,24,1018,2009,1,15.5
171,11/17/2020 1:43:56,02/03/2020,02/03/2020,Sunny,19,6,8,0,34,15,1019,2010,1,12.5
172,11/17/2020 1:44:15,02/03/2020,02/03/2020,partly cloud,24,11,9,0.5,41,57,1020,2011,2,17.5
173,11/17/2020 1:44:35,02/03/2020,02/03/2020,Patchy,12,9,7,2.9,70,62,1022,2012,5,10.5
174,11/17/2020 1:46:09,02/04/2020,02/04/2020,Sunny,21,8,8,0.7,49,15,1017,2009,1,14.5
175,11/17/2020 1:46:35,02/04/2020,02/04/2020,Sunny,21,6,8,0,35,21,1019,2010,1,13.5
176,11/17/2020 1:46:54,02/04/2020,02/04/2020,partly cloud,18,11,12,2.7,64,47,1019,2011,2,14.5
177,11/17/2020 1:47:13,02/04/2020,02/04/2020,Patchy,9,7,10,11.6,80,71,1018,2012,5,8
178,11/17/2020 1:47:37,02/04/2020,02/04/2020,Light,14,9,18,16.7,85,70,1015,2013,8,11.5
179,11/17/2020 1:57:58,02/05/2020,02/05/2020,Overcast,12,8,8,7.2,81,64,1016,2009,6,10
180,11/17/2020 1:58:24,02/05/2020,02/05/2020,Patchy,13,9,8,4.8,71,77,1020,2010,5,11
181,11/17/2020 2:00:35,02/05/2020,02/05/2020,partly cloud,20,9,9,1.4,57,38,1017,2011,2,14.5
182,11/17/2020 2:01:09,02/05/2020,02/05/2020,Sunny,14,5,7,0.4,69,18,1020,2012,1,9.5
183,11/17/2020 2:01:55,02/05/2020,02/05/2020,Thundery outbreaks possible,12,8,15,35.3,91,82,1014,2013,9,10
184,11/17/2020 2:03:12,02/06/2020,02/06/2020,Sunny,16,7,8,1,72,19,1020,2009,1,11.5
185,11/17/2020 2:03:37,02/06/2020,02/06/2020,partly cloud,16,10,4,2.3,81,56,1020,2010,2,13
186,11/17/2020 2:03:57,02/06/2020,02/06/2020,Light,19,10,12,4.6,73,66,1013,2011,8,14.5
187,11/26/2020 2:46:14,02/04/2020,02/04/2020,Sunny,21,8,8,0.7,49,15,1017,2009,1,14.5
188,11/26/2020 2:47:10,02/04/2020,02/04/2020,Sunny,21,6,8,0,35,21,1019,2010,1,13.5
189,11/26/2020 2:48:04,02/04/2020,02/04/2020,partly cloudy,18,11,12,2.7,64,47,1019,2011,7,14.5
190,11/26/2020 2:48:47,02/04/2020,02/04/2020,Patchy light rain,9,7,10,11.6,80,71,1018,2012,13,8
191,11/26/2020 2:49:32,02/04/2020,02/04/2020,Light rain shower,14,9,18,16.7,85,70,1015,2013,16,11.5
192,11/26/2020 2:57:42,02/05/2020,02/05/2020,Overcast,12,8,8,7.2,81,64,1016,2009,6,10
193,11/26/2020 2:58:25,02/05/2020,02/05/2020,Patchy light drizzle,13,9,8,4.8,71,77,1020,2010,14,11
194,11/26/2020 2:59:04,02/05/2020,02/05/2020,partly cloudy,20,9,9,1.4,57,38,1017,2011,7,14.5
195,11/26/2020 2:59:40,02/05/2020,02/05/2020,Sunny,14,5,7,0.4,69,18,1020,2012,1,9.5
196,11/26/2020 3:00:00,02/05/2020,02/05/2020,Sunny,14,5,7,0.4,69,18,1020,2012,1,9.5
197,11/26/2020 3:00:48,02/05/2020,02/05/2020,Thundery outbreaks possible,12,8,15,35.3,91,82,1014,2013,9,10
198,11/26/2020 3:02:31,02/06/2020,02/06/2020,Sunny,16,7,8,1,72,19,1020,2009,1,11.5
199,11/26/2020 3:03:51,02/06/2020,02/06/2020,Sunny,16,7,8,1,72,19,1020,2009,1,11.5
200,11/26/2020 3:04:13,02/06/2020,02/06/2020,partly cloud,16,10,4,2.3,81,56,1020,2010,2,13
201,11/26/2020 3:04:33,02/06/2020,02/06/2020,Light rain shower,19,10,12,4.6,73,66,1013,2011,16,14.5
202,11/26/2020 3:04:52,02/06/2020,02/06/2020,Sunny,16,5,11,0,45,1,1020,2012,1,10.5
203,11/26/2020 3:05:01,02/06/2020,02/06/2020,Sunny,16,5,11,0,45,1,1020,2012,1,10.5
204,11/26/2020 3:05:26,02/06/2020,02/06/2020,Sunny,15,7,10,0.8,71,15,1023,2013,1,11
205,11/26/2020 3:06:26,02/06/2020,02/06/2020,Sunny,16,7,8,1,72,19,1020,2009,1,11.5
206,11/26/2020 3:06:48,02/06/2020,02/06/2020,partly cloud,16,10,4,2.3,81,56,1020,2010,2,13
207,11/26/2020 3:07:08,02/06/2020,02/06/2020,Light rain shower,19,10,12,4.6,73,66,1013,2011,16,14.5
208,11/26/2020 3:07:27,02/06/2020,02/06/2020,Sunny,16,5,11,0,45,1,1020,2012,1,10.5
209,11/26/2020 3:07:36,02/06/2020,02/06/2020,Sunny,16,5,11,0,45,1,1020,2012,1,10.5
210,11/26/2020 3:08:01,02/06/2020,02/06/2020,Sunny,15,7,10,0.8,71,15,1023,2013,1,11
211,11/26/2020 3:09:01,02/07/2020,02/07/2020,Sunny,19,5,6,0,54,15,1020,2009,1,12
212,11/26/2020 3:09:23,02/07/2020,02/07/2020,Moderate or heavy rain shower,14,10,10,3.4,88,69,1018,2010,12,12
213,11/26/2020 3:09:43,02/07/2020,02/07/2020,Moderate or heavy rain shower,11,6,7,30.1,93,62,1009,2011,12,8.5
214,11/26/2020 3:10:02,02/07/2020,02/07/2020,Sunny,15,3,11,0,34,0,1017,2012,1,9
215,11/26/2020 3:10:11,02/07/2020,02/07/2020,Sunny,15,3,11,0,34,0,1017,2012,1,9
216,11/26/2020 3:10:36,02/07/2020,02/07/2020,Sunny,17,6,7,0,50,0,1019,2013,1,11.5
217,11/26/2020 3:11:36,02/08/2020,02/08/2020,Sunny,21,6,9,0,43,7,1019,2009,1,13.5
218,11/26/2020 3:11:58,02/08/2020,02/08/2020,Moderate or heavy rain shower,11,11,28,17.7,94,98,1008,2010,12,11
219,11/26/2020 3:12:18,02/08/2020,02/08/2020,Sunny,17,5,8,0,69,2,1015,2011,1,11
220,11/26/2020 3:12:37,02/08/2020,02/08/2020,Sunny,14,3,9,0,32,0,1016,2012,1,8.5
221,11/26/2020 3:12:47,02/08/2020,02/08/2020,Sunny,14,3,9,0,32,0,1016,2012,1,8.5
222,11/26/2020 3:13:11,02/08/2020,02/08/2020,Sunny,19,7,8,0,40,3,1018,2013,1,13
223,11/26/2020 3:15:01,02/09/2020,02/09/2020,Patchy rain possible,12,5,8,9.9,81,32,1008,2010,10,8.5
224,11/26/2020 3:15:21,02/09/2020,02/09/2020,Cloudy,19,5,9,0,47,31,1015,2011,4,12
225,11/26/2020 3:15:40,02/09/2020,02/09/2020,Sunny,15,4,9,0,34,4,1019,2012,1,9.5
226,11/26/2020 3:15:49,02/09/2020,02/09/2020,Sunny,15,4,9,0,34,4,1019,2012,1,9.5
227,11/26/2020 3:16:14,02/09/2020,02/09/2020,Sunny,20,8,8,0,37,1,1017,2013,1,14
228,11/26/2020 4:23:11,02/09/2020,02/09/2020,partly cloud,17,10,7,0,47,40,1018,2009,2,13.5
229,11/26/2020 4:24:38,02/09/2020,02/09/2020,Cloudy,19,5,9,0,47,31,,2011,4,12
230,11/26/2020 4:25:35,02/09/2020,02/09/2020,Sunny,15,4,9,0,34,4,1019,2012,1,9.5
231,11/26/2020 4:26:26,02/09/2020,02/09/2020,Sunny,20,8,8,0,37,1,1017,2013,1,14
232,11/26/2020 4:28:48,02/10/2020,02/10/2020,partly cloud,12,8,5,4.7,81,45,1015,2009,2,10
233,11/26/2020 4:29:33,02/10/2020,02/10/2020,Sunny,15,3,6,0,66,10,1020,2010,1,9
234,11/26/2020 4:30:15,02/10/2020,02/10/2020,partly cloud,18,5,9,0,50,38,1016,2011,2,11.5
235,11/26/2020 4:30:52,02/10/2020,02/10/2020,Sunny,17,4,9,0,32,1,1018,2012,1,10.5
236,11/26/2020 4:31:12,02/10/2020,02/10/2020,Sunny,17,4,9,0,32,1,1018,2012,1,10.5
237,11/26/2020 4:32:03,02/10/2020,02/10/2020,Sunny,20,8,11,0,29,1,1019,2013,1,14
238,11/26/2020 4:35:42,02/11/2020,02/11/2020,Sunny,18,8,4,0.2,75,30,1016,2009,1,13
239,11/26/2020 4:36:27,02/11/2020,02/11/2020,partly cloud,15,5,6,0,62,40,1021,2010,2,10
240,11/26/2020 4:37:08,02/11/2020,02/11/2020,partly cloud,15,7,9,0.1,50,47,1019,2011,2,11
241,11/26/2020 4:37:46,02/11/2020,02/11/2020,Sunny,18,6,10,0.5,39,34,1018,2012,1,12
242,11/26/2020 4:38:06,02/11/2020,02/11/2020,Sunny,18,6,10,0.5,39,34,1018,2012,1,12
243,11/26/2020 4:38:57,02/11/2020,02/11/2020,Overcast,20,7,11,0,31,61,1019,2013,6,13.5
244,11/26/2020 4:40:32,02/12/2020,02/12/2020,partly cloud,18,11,5,2.5,79,59,1017,2009,2,14.5
245,11/26/2020 4:40:49,02/12/2020,02/12/2020,Sunny,18,7,7,0,61,34,1020,2010,1,12.5
246,11/26/2020 4:41:04,02/12/2020,02/12/2020,Patchy light rain,15,9,10,2.9,75,55,1017,2011,13,12
247,11/26/2020 4:41:18,02/12/2020,02/12/2020,Patchy light drizzle,13,8,6,7.8,70,67,1017,2012,14,10.5
248,11/26/2020 4:41:25,02/12/2020,02/12/2020,Patchy light drizzle,13,8,6,7.8,70,67,1017,2012,14,10.5
249,11/26/2020 4:41:44,02/12/2020,02/12/2020,partly cloudy,21,9,9,0,26,21,1019,2013,7,15
250,11/26/2020 4:42:29,02/13/2020,02/13/2020,Patchy light drizzle,16,10,6,6.6,79,58,1012,2009,14,13
251,11/26/2020 4:42:46,02/13/2020,02/13/2020,Sunny,18,7,5,0,59,32,1019,2010,1,12.5
252,11/26/2020 4:43:01,02/13/2020,02/13/2020,Moderate or heavy rain shower,11,9,7,13,91,84,1012,2011,12,10
253,11/26/2020 4:43:16,02/13/2020,02/13/2020,Light rain shower,13,7,8,7.1,79,40,1016,2012,16,10
254,11/26/2020 4:43:23,02/13/2020,02/13/2020,Light rain shower,13,7,8,7.1,79,40,1016,2012,16,10
255,11/26/2020 4:43:41,02/13/2020,02/13/2020,Sunny,19,9,11,0,31,18,1018,2013,1,14
256,11/26/2020 4:44:27,02/14/2020,02/14/2020,Sunny,18,8,7,2,77,27,1017,2009,1,13
257,11/26/2020 4:44:44,02/14/2020,02/14/2020,Sunny,18,6,5,0.5,59,37,1016,2010,1,12
258,11/26/2020 4:44:59,02/14/2020,02/14/2020,Moderate or heavy rain shower,16,8,8,13.7,83,42,1012,2011,12,12
259,11/26/2020 4:45:13,02/14/2020,02/14/2020,Sunny,14,5,12,0,51,9,1020,2012,1,9.5
260,11/26/2020 4:45:20,02/14/2020,02/14/2020,Sunny,14,5,12,0,51,9,1020,2012,1,9.5
261,11/26/2020 4:45:39,02/14/2020,02/14/2020,partly cloudy,20,11,11,0.4,48,51,1017,2013,7,15.5
262,11/26/2020 4:47:05,02/15/2020,02/15/2020,Sunny,19,7,10,0,56,2,1017,2009,1,13
263,11/26/2020 4:47:23,02/15/2020,02/15/2020,Light rain shower,12,7,10,4.1,78,39,1015,2010,16,9.5
264,11/26/2020 4:49:38,02/15/2020,02/15/2020,Sunny,19,7,10,0,56,2,1017,2009,1,13
265,11/26/2020 4:50:00,02/15/2020,02/15/2020,Light rain shower,12,7,10,4.2,78,39,1015,2010,16,9.5
266,11/26/2020 4:50:20,02/15/2020,02/15/2020,Sunny,18,5,7,0.3,64,2,1014,2011,1,11.5
267,11/26/2020 4:50:39,02/15/2020,02/15/2020,Sunny,15,4,8,0,41,20,1018,2012,1,9.5
268,11/26/2020 4:50:48,02/15/2020,02/15/2020,Sunny,15,4,8,0,41,20,1018,2012,1,9.5
269,11/26/2020 4:51:13,02/15/2020,02/15/2020,partly cloud,16,10,12,1.9,63,66,1014,2013,2,13
270,11/26/2020 4:53:08,02/16/2020,02/16/2020,Sunny,20,6,7,0,52,22,1017,2009,1,13
271,11/26/2020 4:53:30,02/16/2020,02/16/2020,Sunny,17,5,9,0.1,66,12,1020,2010,1,11
272,11/26/2020 4:53:50,02/16/2020,02/16/2020,Sunny,17,5,9,0.1,49,17,1015,2011,1,11
273,11/26/2020 4:54:09,02/16/2020,02/16/2020,Sunny,16,5,9,0,34,25,1019,2012,1,10.5
274,11/26/2020 4:54:18,02/16/2020,02/16/2020,Sunny,16,5,9,0,34,25,1019,2012,1,10.5
275,11/26/2020 4:54:43,02/16/2020,02/16/2020,Sunny,13,8,8,0.8,68,45,1010,2013,1,10.5
276,11/26/2020 4:55:43,02/17/2020,02/17/2020,Sunny,21,9,7,0,43,22,1017,2009,1,15
277,11/26/2020 4:56:05,02/17/2020,02/17/2020,Sunny,19,5,9,0,57,4,1021,2010,1,12
278,11/26/2020 4:56:25,02/17/2020,02/17/2020,Sunny,18,5,9,0.4,54,19,1018,2011,1,11.5
279,11/26/2020 4:56:44,02/17/2020,02/17/2020,partly cloud,17,5,12,0,32,49,1021,2012,2,11
280,11/26/2020 4:56:53,02/17/2020,02/17/2020,partly cloud,17,5,12,0,32,49,1021,2012,2,11
281,11/26/2020 4:57:18,02/17/2020,02/17/2020,Sunny,18,6,6,0.1,67,11,1012,2013,1,12
282,11/26/2020 4:58:18,02/18/2020,02/18/2020,Sunny,22,8,10,0,44,3,1017,2009,1,15
283,11/26/2020 4:58:40,02/18/2020,02/18/2020,Sunny,20,6,8,0,49,7,1018,2010,1,13
284,11/26/2020 4:59:00,02/18/2020,02/18/2020,Sunny,17,5,8,0,48,22,1016,2011,1,11
285,11/26/2020 4:59:19,02/18/2020,02/18/2020,partly cloud,15,8,12,0.1,40,41,1021,2012,2,11.5
286,11/26/2020 4:59:28,02/18/2020,02/18/2020,partly cloud,15,8,12,0.1,40,41,1021,2012,2,11.5
287,11/26/2020 4:59:53,02/18/2020,02/18/2020,Sunny,19,8,8,0,53,9,1016,2013,1,13.5
288,11/26/2020 5:00:54,02/18/2020,02/18/2020,Sunny,22,8,10,0,44,3,1017,2009,1,15
289,11/26/2020 5:01:11,02/18/2020,02/18/2020,Sunny,20,6,8,0,49,7,1018,2010,1,13
290,11/26/2020 5:01:26,02/18/2020,02/18/2020,Sunny,17,5,8,0,48,22,1016,2011,1,11
291,11/26/2020 5:01:40,02/18/2020,02/18/2020,partly cloudy,15,8,12,0.1,40,41,1021,2012,7,11.5
292,11/26/2020 5:01:47,02/18/2020,02/18/2020,partly cloudy,15,8,12,0.1,40,41,1021,2012,7,11.5
293,11/26/2020 5:02:06,02/18/2020,02/18/2020,Sunny,19,8,8,0,53,9,1016,2013,1,13.5
294,11/26/2020 5:02:51,02/19/2020,02/19/2020,Sunny,22,9,12,0.5,46,19,1015,2009,1,15.5
295,11/26/2020 5:03:08,02/19/2020,02/19/2020,Sunny,22,7,8,0,45,14,1018,2010,1,14.5
296,11/26/2020 5:03:23,02/19/2020,02/19/2020,partly cloudy,17,7,6,0.1,50,46,1019,2011,7,12
297,11/26/2020 5:04:03,02/19/2020,02/19/2020,Sunny,19,9,10,0.1,36,24,1016,2013,1,14
298,11/26/2020 5:04:49,02/20/2020,02/20/2020,Sunny,21,10,4,0.4,63,17,1018,2009,1,15.5
299,11/26/2020 5:05:05,02/20/2020,02/20/2020,Sunny,23,8,8,0,46,14,1018,2010,1,15.5
300,11/26/2020 5:05:21,02/20/2020,02/20/2020,Sunny,13,7,7,2.5,72,42,1020,2011,1,10
301,11/26/2020 5:05:35,02/20/2020,02/20/2020,Patchy light drizzle,16,10,5,3.1,76,61,1015,2012,14,13
302,11/26/2020 5:05:42,02/20/2020,02/20/2020,Patchy light drizzle,16,10,5,3.1,76,61,1015,2012,14,13
303,11/26/2020 5:06:01,02/20/2020,02/20/2020,Sunny,21,9,10,0.1,36,18,1018,2013,1,15
304,11/26/2020 5:06:46,02/21/2020,02/21/2020,Sunny,21,9,9,0.1,48,27,1019,2009,1,15
305,11/26/2020 5:07:03,02/21/2020,02/21/2020,Sunny,25,10,8,0,48,7,1016,2010,1,17.5
306,11/26/2020 5:07:18,02/21/2020,02/21/2020,Sunny,20,4,9,0,54,27,1020,2011,1,12
307,11/26/2020 5:07:32,02/21/2020,02/21/2020,Sunny,16,8,8,1.4,66,20,1012,2012,1,12
308,11/26/2020 5:07:39,02/21/2020,02/21/2020,Sunny,16,8,8,1.4,66,20,1012,2012,1,12
309,11/26/2020 5:07:58,02/21/2020,02/21/2020,partly cloudy,19,9,11,2.4,46,51,1017,2013,7,14
310,11/26/2020 5:08:43,02/22/2020,02/22/2020,Sunny,19,10,6,2.2,67,38,1013,2009,1,14.5
311,11/26/2020 5:09:00,02/22/2020,02/22/2020,Sunny,24,12,9,0,45,29,1015,2010,1,18
312,11/26/2020 5:09:15,02/22/2020,02/22/2020,partly cloudy,20,8,8,0,42,44,1018,2011,7,14
313,11/26/2020 5:09:29,02/22/2020,02/22/2020,partly cloudy,16,9,13,1,57,35,1013,2012,7,12.5
314,11/26/2020 5:09:36,02/22/2020,02/22/2020,partly cloudy,16,9,13,1,57,35,1013,2012,7,12.5
315,11/26/2020 5:09:55,02/22/2020,02/22/2020,Light rain shower,15,10,9,4.7,72,57,1020,2013,16,12.5
316,11/26/2020 5:10:40,02/23/2020,02/23/2020,Light rain shower,18,11,3,3.1,81,45,1012,2009,16,14.5
317,11/26/2020 5:10:57,02/23/2020,02/23/2020,Sunny,24,11,6,0.1,48,21,1013,2010,1,17.5
318,11/26/2020 5:11:12,02/23/2020,02/23/2020,partly cloudy,13,7,11,0.5,59,55,1019,2011,7,10
319,11/26/2020 5:11:27,02/23/2020,02/23/2020,Sunny,16,6,10,0.2,46,10,1015,2012,1,11
320,11/26/2020 5:11:33,02/23/2020,02/23/2020,Sunny,16,6,10,0.2,46,10,1015,2012,1,11
321,11/26/2020 5:11:52,02/23/2020,02/23/2020,Sunny,19,9,9,0.1,58,31,1019,2013,1,14
322,11/26/2020 5:12:38,02/24/2020,02/24/2020,Sunny,22,10,8,1.5,69,17,1011,2009,1,16
323,11/26/2020 5:12:55,02/24/2020,02/24/2020,Sunny,21,12,7,3.1,66,34,1013,2010,1,16.5
324,11/26/2020 5:13:10,02/24/2020,02/24/2020,Sunny,17,6,8,2.4,65,26,1018,2011,1,11.5
325,11/26/2020 5:13:24,02/24/2020,02/24/2020,Sunny,16,4,9,0,36,13,1017,2012,1,10
326,11/26/2020 5:13:31,02/24/2020,02/24/2020,Sunny,16,4,9,0,36,13,1017,2012,1,10
327,11/26/2020 5:13:50,02/24/2020,02/24/2020,Sunny,21,10,8,0,47,10,1020,2013,1,15.5
328,11/26/2020 5:14:35,02/25/2020,02/25/2020,partly cloudy,20,9,8,0,46,28,1012,2009,7,14.5
329,11/26/2020 5:14:52,02/25/2020,02/25/2020,partly cloudy,19,11,8,3.1,69,47,1015,2010,7,15
330,11/26/2020 5:15:07,02/25/2020,02/25/2020,Thundery outbreaks possible,15,6,8,9.1,79,36,1015,2011,9,10.5
331,11/26/2020 5:15:21,02/25/2020,02/25/2020,Sunny,18,7,9,0,34,30,1017,2012,1,12.5
332,11/26/2020 5:15:28,02/25/2020,02/25/2020,Sunny,18,7,9,0,34,30,1017,2012,1,12.5
333,11/26/2020 5:15:47,02/25/2020,02/25/2020,partly cloudy,21,11,8,0,38,34,1019,2013,7,16
334,11/26/2020 5:17:44,03/01/2020,03/01/2020,Sunny,22,12,8,0,30,17,1013,2009,1,17
335,11/26/2020 5:18:01,03/01/2020,03/01/2020,Sunny,21,12,12,6.8,76,27,1014,2010,1,16.5
336,11/26/2020 5:18:16,03/01/2020,03/01/2020,Patchy rain possible,17,8,6,1.6,78,34,1020,2011,10,12.5
337,11/26/2020 5:18:30,03/01/2020,03/01/2020,Sunny,21,9,11,0.4,39,8,1011,2012,1,15
338,11/26/2020 5:18:37,03/01/2020,03/01/2020,Sunny,21,9,11,0.4,39,8,1011,2012,1,15
339,11/26/2020 5:18:56,03/01/2020,03/01/2020,Sunny,21,7,14,0,40,2,1020,2013,1,14
340,11/26/2020 5:19:41,03/02/2020,03/02/2020,Sunny,27,12,9,0,37,18,1014,2009,1,19.5
341,11/26/2020 5:19:58,03/02/2020,03/02/2020,Sunny,24,10,9,0,50,3,1015,2010,1,17
342,11/26/2020 5:20:14,03/02/2020,03/02/2020,partly cloudy,14,8,7,3.9,72,71,1018,2011,7,11
343,11/26/2020 5:20:28,03/02/2020,03/02/2020,Sunny,21,9,11,0,31,19,1010,2012,1,15
344,11/26/2020 5:20:35,03/02/2020,03/02/2020,Sunny,21,9,11,0,31,19,1010,2012,1,15
345,11/26/2020 5:20:53,03/02/2020,03/02/2020,Sunny,25,10,12,0,35,16,1018,2013,1,17.5
346,11/26/2020 5:21:39,03/03/2020,03/03/2020,Thundery outbreaks possible,27,15,11,0.3,49,22,1010,2009,9,21
347,11/26/2020 5:21:56,03/03/2020,03/03/2020,partly cloudy,14,11,10,4.1,68,56,1012,2010,7,12.5
348,11/26/2020 5:22:11,03/03/2020,03/03/2020,Patchy rain possible,22,9,9,2.3,48,62,1015,2011,10,15.5
349,11/26/2020 5:22:25,03/03/2020,03/03/2020,Sunny,23,12,9,0.1,34,24,1009,2012,1,17.5
350,11/26/2020 5:22:32,03/03/2020,03/03/2020,Sunny,23,12,9,0.1,34,24,1009,2012,1,17.5
351,11/26/2020 5:22:51,03/03/2020,03/03/2020,Sunny,26,12,9,0,34,27,1017,2013,1,19
352,11/26/2020 5:23:36,03/04/2020,03/04/2020,Sunny,27,13,8,0,48,10,1011,2009,1,20
353,11/26/2020 5:23:53,03/04/2020,03/04/2020,partly cloudy,20,11,5,2.2,79,50,1012,2010,7,15.5
354,11/26/2020 5:24:08,03/04/2020,03/04/2020,Patchy rain possible,23,12,8,1,47,55,1014,2011,10,17.5
355,11/26/2020 5:24:22,03/04/2020,03/04/2020,Patchy rain possible,21,13,13,5.9,58,38,1010,2012,10,17
356,11/26/2020 5:24:29,03/04/2020,03/04/2020,Patchy rain possible,21,13,13,5.9,58,38,1010,2012,10,17
357,11/26/2020 5:24:48,03/04/2020,03/04/2020,Sunny,26,14,8,0,31,25,1016,2013,1,20
358,11/26/2020 5:25:34,03/05/2020,03/05/2020,Sunny,26,12,9,0,37,2,1012,2009,1,19
359,11/26/2020 5:25:50,03/05/2020,03/05/2020,Sunny,22,10,8,0.5,63,12,1014,2010,1,16
360,11/26/2020 5:26:06,03/05/2020,03/05/2020,Sunny,22,12,9,1.1,45,57,1015,2011,1,17
361,11/26/2020 5:26:20,03/05/2020,03/05/2020,Sunny,22,11,9,2.5,60,7,1009,2012,1,16.5
362,11/26/2020 5:26:27,03/05/2020,03/05/2020,Sunny,22,11,9,2.5,60,7,1009,2012,1,16.5
363,11/26/2020 5:26:45,03/05/2020,03/05/2020,Sunny,26,13,10,0,29,0,1018,2013,1,19.5
364,11/26/2020 5:27:31,03/06/2020,03/06/2020,Overcast,26,11,8,0,34,36,1012,2009,6,18.5
365,11/26/2020 5:27:48,03/06/2020,03/06/2020,partly cloudy,14,10,10,1.1,65,32,1015,2010,7,12
366,11/26/2020 5:28:03,03/06/2020,03/06/2020,Patchy rain possible,22,11,9,0.2,41,42,1015,2011,10,16.5
367,11/26/2020 5:28:17,03/06/2020,03/06/2020,Sunny,22,10,11,0,35,4,1009,2012,1,16
368,11/26/2020 5:28:24,03/06/2020,03/06/2020,Sunny,22,10,11,0,35,4,1009,2012,1,16
369,11/26/2020 5:28:43,03/06/2020,03/06/2020,Sunny,27,14,11,0,33,0,1018,2013,1,20.5
370,11/26/2020 5:29:28,03/07/2020,03/07/2020,Sunny,25,12,8,0.3,39,12,1013,2009,1,18.5
371,11/26/2020 5:29:45,03/07/2020,03/07/2020,Sunny,23,9,7,0.9,63,20,1017,2010,1,16
372,11/26/2020 5:30:00,03/07/2020,03/07/2020,partly cloudy,21,8,8,0.6,50,29,1020,2011,7,14.5
373,11/26/2020 5:30:14,03/07/2020,03/07/2020,Sunny,19,9,14,0.9,41,9,1006,2012,1,14
374,11/26/2020 5:30:21,03/07/2020,03/07/2020,Sunny,19,9,14,0.9,41,9,1006,2012,1,14
375,11/26/2020 5:30:40,03/07/2020,03/07/2020,Sunny,28,14,8,0,34,0,1016,2013,1,21
376,11/26/2020 5:31:26,03/08/2020,03/08/2020,Sunny,23,11,8,0,35,32,1012,2009,1,17
377,11/26/2020 5:31:42,03/08/2020,03/08/2020,Sunny,26,10,8,0,50,3,1016,2010,1,18
378,11/26/2020 5:31:58,03/08/2020,03/08/2020,Sunny,22,7,10,0.6,55,5,1015,2011,1,14.5
379,11/26/2020 5:32:12,03/08/2020,03/08/2020,Sunny,19,7,11,0.3,40,16,1009,2012,1,13
380,11/26/2020 5:32:19,03/08/2020,03/08/2020,Sunny,19,7,11,0.3,40,16,1009,2012,1,13
381,11/26/2020 5:32:38,03/08/2020,03/08/2020,Sunny,28,15,12,0,27,6,1016,2013,1,21.5
382,11/26/2020 5:33:23,03/09/2020,03/09/2020,Sunny,24,11,9,0,34,9,1016,2009,1,17.5
383,11/26/2020 5:33:40,03/09/2020,03/09/2020,partly cloudy,26,11,9,0,43,23,1018,2010,7,18.5
384,11/26/2020 5:33:55,03/09/2020,03/09/2020,Sunny,23,8,8,0,50,8,1013,2011,1,15.5
385,11/26/2020 5:34:09,03/09/2020,03/09/2020,partly cloudy,19,7,9,0,32,22,1012,2012,7,13
386,11/26/2020 5:34:16,03/09/2020,03/09/2020,partly cloudy,19,7,9,0,32,22,1012,2012,7,13
387,11/26/2020 5:34:35,03/09/2020,03/09/2020,Sunny,27,14,16,4.3,37,13,1013,2013,1,20.5
388,11/26/2020 5:35:20,03/10/2020,03/10/2020,Sunny,26,10,10,0,28,1,1018,2009,1,18
389,11/26/2020 5:35:37,03/10/2020,03/10/2020,Sunny,27,12,9,0,39,1,1018,2010,1,19.5
390,11/26/2020 5:35:52,03/10/2020,03/10/2020,Sunny,24,10,9,0,47,6,1017,2011,1,17
391,11/26/2020 5:36:11,03/10/2020,03/10/2020,Sunny,20,8,10,0.3,32,7,1016,2012,1,14
392,11/26/2020 5:37:34,03/11/2020,03/11/2020,Sunny,28,12,8,0,39,12,1018,2010,1,20
393,11/26/2020 5:37:50,03/11/2020,03/11/2020,Sunny,25,9,7,0,45,2,1015,2011,1,17
394,11/26/2020 5:38:04,03/11/2020,03/11/2020,Cloudy,19,8,12,0.2,32,57,1018,2012,4,13.5
395,11/26/2020 5:38:11,03/11/2020,03/11/2020,Cloudy,19,8,12,0.2,32,57,1018,2012,4,13.5
396,11/26/2020 5:38:29,03/11/2020,03/11/2020,Sunny,27,13,10,0,29,7,1014,2013,1,20
397,11/26/2020 5:39:15,03/12/2020,03/12/2020,Sunny,29,11,8,0,24,2,1014,2009,1,20
398,11/26/2020 5:39:32,03/12/2020,03/12/2020,Sunny,28,15,10,0,38,11,1018,2010,1,21.5
399,11/26/2020 5:39:47,03/12/2020,03/12/2020,Sunny,26,11,8,0,41,14,1013,2011,1,18.5
400,11/26/2020 5:40:01,03/12/2020,03/12/2020,partly cloudy,18,9,16,0.6,42,56,1018,2012,7,13.5
401,11/26/2020 5:40:08,03/12/2020,03/12/2020,partly cloudy,18,9,16,0.6,42,56,1018,2012,7,13.5
402,11/26/2020 5:40:27,03/12/2020,03/12/2020,Sunny,27,16,11,0,27,27,1014,2013,1,21.5
403,11/26/2020 5:41:12,03/13/2020,03/13/2020,Sunny,30,13,9,0,21,14,1015,2009,1,21.5
404,11/26/2020 5:41:29,03/13/2020,03/13/2020,Sunny,29,14,10,0.1,41,9,1014,2010,1,21.5
405,11/26/2020 5:41:44,03/13/2020,03/13/2020,Sunny,28,12,9,0,41,7,1013,2011,1,20
406,11/26/2020 5:41:59,03/13/2020,03/13/2020,Sunny,19,7,10,0.2,50,26,1019,2012,1,13
407,11/26/2020 5:42:06,03/13/2020,03/13/2020,Sunny,19,7,10,0.2,50,26,1019,2012,1,13
408,11/26/2020 5:42:24,03/13/2020,03/13/2020,partly cloudy,22,14,12,0.6,53,61,1015,2013,7,18
409,11/26/2020 5:43:10,03/14/2020,03/14/2020,Sunny,30,13,8,0,21,15,1016,2009,1,21.5
410,11/26/2020 5:43:27,03/14/2020,03/14/2020,Sunny,30,14,10,0,36,6,1011,2010,1,22
411,11/26/2020 5:43:56,03/14/2020,03/14/2020,Sunny,21,9,9,0,42,7,1018,2012,1,15
412,11/26/2020 5:44:03,03/14/2020,03/14/2020,Sunny,21,9,9,0,42,7,1018,2012,1,15
413,11/26/2020 5:44:22,03/14/2020,03/14/2020,Thundery outbreaks possible,19,13,7,9.9,70,40,1016,2013,9,16
414,11/26/2020 5:45:07,03/15/2020,03/15/2020,Sunny,30,13,8,0,24,6,1013,2009,1,21.5
415,11/26/2020 5:45:24,03/15/2020,03/15/2020,Sunny,31,14,9,0,31,5,1011,2010,1,22.5
416,11/26/2020 5:45:39,03/15/2020,03/15/2020,partly cloudy,32,14,10,0,33,28,1014,2011,7,23
417,11/26/2020 5:45:53,03/15/2020,03/15/2020,Sunny,24,10,9,0,33,15,1016,2012,1,17
418,11/26/2020 5:46:00,03/15/2020,03/15/2020,Sunny,24,10,9,0,33,15,1016,2012,1,17
419,11/26/2020 5:46:19,03/15/2020,03/15/2020,Sunny,23,11,8,0,45,5,1019,2013,1,17
420,11/26/2020 5:47:05,03/16/2020,03/16/2020,Sunny,29,15,8,0,28,16,1012,2009,1,22
421,11/26/2020 5:47:21,03/16/2020,03/16/2020,Sunny,33,15,9,0,31,1,1014,2010,1,24
422,11/26/2020 5:47:37,03/16/2020,03/16/2020,Sunny,32,15,9,0,27,29,1012,2011,1,23.5
423,11/26/2020 5:47:51,03/16/2020,03/16/2020,Sunny,25,14,8,0.1,35,24,1014,2012,1,19.5
424,11/26/2020 5:47:58,03/16/2020,03/16/2020,Sunny,25,14,8,0.1,35,24,1014,2012,1,19.5
425,11/26/2020 5:48:16,03/16/2020,03/16/2020,Sunny,25,12,10,0,34,7,1018,2013,1,18.5
426,11/26/2020 5:49:02,03/17/2020,03/17/2020,Sunny,29,15,8,0.8,39,15,1013,2009,1,22
427,11/26/2020 5:49:19,03/17/2020,03/17/2020,Sunny,32,16,8,0,29,1,1018,2010,1,24
428,11/26/2020 5:49:34,03/17/2020,03/17/2020,Sunny,31,16,9,0.3,35,28,1009,2011,1,23.5
429,11/26/2020 5:49:48,03/17/2020,03/17/2020,Sunny,26,13,9,0.1,40,17,1013,2012,1,19.5
430,11/26/2020 5:49:55,03/17/2020,03/17/2020,Sunny,26,13,9,0.1,40,17,1013,2012,1,19.5
431,11/26/2020 5:50:14,03/17/2020,03/17/2020,Sunny,23,13,10,0.2,36,13,1019,2013,1,18
432,11/26/2020 5:50:59,03/18/2020,03/18/2020,Thundery outbreaks possible,24,14,7,0.4,48,27,1014,2009,9,19
433,11/26/2020 5:51:16,03/18/2020,03/18/2020,Sunny,33,16,9,0,30,6,1019,2010,1,24.5
434,11/26/2020 5:51:31,03/18/2020,03/18/2020,Patchy rain possible,29,13,10,6.9,60,20,1007,2011,10,21
435,11/26/2020 5:51:45,03/18/2020,03/18/2020,Sunny,29,15,10,0,33,11,1014,2012,1,22
436,11/26/2020 5:51:52,03/18/2020,03/18/2020,Sunny,29,15,10,0,33,11,1014,2012,1,22
437,11/26/2020 5:52:11,03/18/2020,03/18/2020,Sunny,25,13,10,0.1,37,20,1013,2013,1,19
438,11/26/2020 5:52:57,03/19/2020,03/19/2020,Sunny,28,14,7,0.1,43,20,1011,2009,1,21
439,11/26/2020 5:53:13,03/19/2020,03/19/2020,Sunny,34,16,8,0,29,1,1014,2010,1,25
440,11/26/2020 5:53:29,03/19/2020,03/19/2020,Moderate or heavy rain shower,21,12,8,16.4,80,21,1001,2011,12,16.5
441,11/26/2020 5:54:09,03/19/2020,03/19/2020,Sunny,28,14,9,0,35,9,1010,2013,1,21
442,11/26/2020 5:56:21,03/20/2020,03/20/2020,Patchy rain possible,21,12,8,3.7,61,28,1011,2009,10,16.5
443,11/26/2020 5:56:38,03/20/2020,03/20/2020,Sunny,35,17,8,0,30,12,1012,2010,1,26
444,11/26/2020 5:56:53,03/20/2020,03/20/2020,Sunny,25,10,8,0.4,54,2,1007,2011,1,17.5
445,11/26/2020 5:57:15,03/20/2020,03/20/2020,Sunny,25,10,8,0.4,54,2,1007,2011,1,17.5
446,11/26/2020 5:57:33,03/20/2020,03/20/2020,partly cloudy,25,16,9,0.8,42,42,1014,2013,7,20.5
447,11/26/2020 5:58:19,03/21/2020,03/21/2020,Sunny,25,10,8,0,47,8,1014,2009,1,17.5
448,11/26/2020 5:58:35,03/21/2020,03/21/2020,Sunny,34,20,10,0,29,21,1010,2010,1,27
449,11/26/2020 5:58:51,03/21/2020,03/21/2020,Sunny,26,10,10,0,45,1,1011,2011,1,18
450,11/26/2020 5:59:05,03/21/2020,03/21/2020,Sunny,22,8,9,0,40,0,1015,2012,1,15
451,11/26/2020 5:59:12,03/21/2020,03/21/2020,Sunny,22,8,9,0,40,0,1015,2012,1,15
452,11/26/2020 5:59:31,03/21/2020,03/21/2020,Sunny,27,14,12,0.1,43,14,1013,2013,1,20.5
453,11/26/2020 6:00:16,03/22/2020,03/22/2020,Sunny,27,12,9,0,31,5,1014,2009,1,19.5
454,11/26/2020 6:00:33,03/22/2020,03/22/2020,Sunny,34,19,10,0,32,11,1005,2010,1,26.5
455,11/26/2020 6:00:48,03/22/2020,03/22/2020,Sunny,28,11,9,0,40,10,1012,2011,1,19.5
456,11/26/2020 6:01:02,03/22/2020,03/22/2020,Sunny,25,11,10,0,30,3,1015,2012,1,18
457,11/26/2020 6:01:09,03/22/2020,03/22/2020,Sunny,25,11,10,0,30,3,1015,2012,1,18
458,11/26/2020 6:01:28,03/22/2020,03/22/2020,Sunny,28,14,9,0,33,26,1008,2013,1,21
459,11/26/2020 6:02:13,03/23/2020,03/23/2020,Sunny,28,13,10,0,32,25,1015,2009,1,20.5
460,11/26/2020 6:02:30,03/23/2020,03/23/2020,Sunny,34,20,9,0,29,4,1004,2010,1,27
461,11/26/2020 6:02:46,03/23/2020,03/23/2020,Sunny,30,12,10,0,38,7,1013,2011,1,21
462,11/26/2020 6:03:00,03/23/2020,03/23/2020,Sunny,27,12,9,0,23,16,1016,2012,1,19.5
463,11/26/2020 6:03:07,03/23/2020,03/23/2020,Sunny,27,12,9,0,23,16,1016,2012,1,19.5
464,11/26/2020 6:03:26,03/23/2020,03/23/2020,partly cloudy,24,14,9,16.7,46,49,1011,2013,7,19
465,11/26/2020 6:04:11,03/24/2020,03/24/2020,partly cloudy,22,13,10,6,66,66,1016,2009,7,17.5
466,11/26/2020 6:04:28,03/24/2020,03/24/2020,Sunny,34,17,9,0,26,6,1007,2010,1,25.5
467,11/26/2020 6:04:43,03/24/2020,03/24/2020,Sunny,30,13,8,0,34,5,1013,2011,1,21.5
468,11/26/2020 6:04:57,03/24/2020,03/24/2020,Sunny,28,13,12,0,28,11,1016,2012,1,20.5
469,11/26/2020 6:05:04,03/24/2020,03/24/2020,Sunny,28,13,12,0,28,11,1016,2012,1,20.5
470,11/26/2020 6:05:23,03/24/2020,03/24/2020,Light rain shower,19,12,14,7.2,70,40,1016,2013,16,15.5
471,11/26/2020 6:06:08,03/25/2020,03/25/2020,Sunny,24,11,5,1.5,68,35,1013,2009,1,17.5
472,11/26/2020 6:06:25,03/25/2020,03/25/2020,Cloudy,34,17,9,0,25,53,1008,2010,4,25.5
473,11/26/2020 6:06:40,03/25/2020,03/25/2020,Sunny,31,14,9,0,34,3,1013,2011,1,22.5
474,11/26/2020 6:06:54,03/25/2020,03/25/2020,partly cloudy,27,17,9,0.3,34,45,1016,2012,7,22
475,11/26/2020 6:07:01,03/25/2020,03/25/2020,partly cloudy,27,17,9,0.3,34,45,1016,2012,7,22
476,11/26/2020 6:07:20,03/25/2020,03/25/2020,Sunny,24,11,11,0,47,2,1014,2013,1,17.5
477,11/26/2020 6:08:06,03/26/2020,03/26/2020,Sunny,26,12,9,0,51,10,1012,2009,1,19
478,11/26/2020 6:08:22,03/26/2020,03/26/2020,Sunny,33,19,13,0.1,26,5,1009,2010,1,26
479,11/26/2020 6:08:38,03/26/2020,03/26/2020,Sunny,31,14,9,1.8,48,8,1012,2011,1,22.5
480,11/26/2020 6:08:52,03/26/2020,03/26/2020,Sunny,24,14,8,2.6,48,17,1016,2012,1,19
481,11/26/2020 6:08:59,03/26/2020,03/26/2020,Sunny,24,14,8,2.6,48,17,1016,2012,1,19
482,11/26/2020 6:09:18,03/26/2020,03/26/2020,Sunny,26,13,7,0,36,31,1010,2013,1,19.5
483,11/26/2020 6:10:03,03/27/2020,03/27/2020,partly cloudy,25,14,8,0.5,53,26,1011,2009,7,19.5
484,11/26/2020 6:10:20,03/27/2020,03/27/2020,Sunny,33,17,13,0.1,30,4,1011,2010,1,25
485,11/26/2020 6:10:35,03/27/2020,03/27/2020,Sunny,28,14,11,2.5,49,17,1012,2011,1,21
486,11/26/2020 6:10:49,03/27/2020,03/27/2020,partly cloudy,26,14,10,0,33,32,1017,2012,7,20
487,11/26/2020 6:10:56,03/27/2020,03/27/2020,partly cloudy,26,14,10,0,33,32,1017,2012,7,20
488,11/26/2020 6:11:15,03/27/2020,03/27/2020,Sunny,28,15,9,0,28,15,1010,2013,1,21.5
489,11/26/2020 6:12:01,03/28/2020,03/28/2020,partly cloudy,23,12,7,0.7,68,34,1015,2009,7,17.5
490,11/26/2020 6:12:17,03/28/2020,03/28/2020,Sunny,33,18,11,0,28,12,1010,2010,1,25.5
491,11/26/2020 6:12:33,03/28/2020,03/28/2020,Light rain shower,23,13,14,8.5,74,30,1011,2011,16,18
492,11/26/2020 6:12:47,03/28/2020,03/28/2020,Sunny,27,14,10,0,36,10,1018,2012,1,20.5
493,11/26/2020 6:12:54,03/28/2020,03/28/2020,Sunny,27,14,10,0,36,10,1018,2012,1,20.5
494,11/26/2020 6:13:13,03/28/2020,03/28/2020,Sunny,27,15,13,0,33,9,1012,2013,1,21
495,11/26/2020 6:13:58,03/29/2020,03/29/2020,Thundery outbreaks possible,23,13,7,3.4,73,44,1012,2009,9,18
496,11/26/2020 6:14:15,03/29/2020,03/29/2020,Sunny,33,20,11,0.3,35,16,1009,2010,1,26.5
497,11/26/2020 6:14:30,03/29/2020,03/29/2020,Sunny,25,11,10,1.2,62,12,1012,2011,1,18
498,11/26/2020 6:14:44,03/29/2020,03/29/2020,Sunny,29,15,11,0,34,14,1014,2012,1,22
499,11/26/2020 6:14:51,03/29/2020,03/29/2020,Sunny,29,15,11,0,34,14,1014,2012,1,22
500,11/26/2020 6:15:10,03/29/2020,03/29/2020,Sunny,27,15,7,0,37,12,1012,2013,1,21
501,11/26/2020 6:15:55,03/30/2020,03/30/2020,Sunny,26,12,9,0,54,7,1013,2009,1,19
502,11/26/2020 6:16:12,03/30/2020,03/30/2020,Sunny,31,17,11,0.1,35,5,1007,2010,1,24
503,11/26/2020 6:16:27,03/30/2020,03/30/2020,Sunny,25,12,8,0.4,50,9,1014,2011,1,18.5
504,11/26/2020 6:16:41,03/30/2020,03/30/2020,Sunny,32,17,9,0,27,8,1009,2012,1,24.5
505,11/26/2020 6:16:49,03/30/2020,03/30/2020,Sunny,32,17,9,0,27,8,1009,2012,1,24.5
506,11/26/2020 6:17:07,03/30/2020,03/30/2020,Sunny,28,15,9,0,39,7,1009,2013,1,21.5
507,11/26/2020 6:18:47,04/01/2020,04/01/2020,Sunny,28,13,7,0,34,14,1010,2009,1,20.5
508,11/26/2020 6:19:09,04/01/2020,04/01/2020,Sunny,31,16,10,0,22,8,1008,2010,1,23.5
509,11/26/2020 6:19:29,04/01/2020,04/01/2020,Sunny,24,12,10,4.1,54,16,1012,2011,1,18
510,11/26/2020 6:19:48,04/01/2020,04/01/2020,Sunny,30,20,12,0.6,27,18,1015,2012,1,25
511,11/26/2020 6:19:57,04/01/2020,04/01/2020,Sunny,30,20,12,0.6,27,18,1015,2012,1,25
512,11/26/2020 6:20:22,04/01/2020,04/01/2020,Sunny,28,17,11,3.4,42,12,1011,2013,1,22.5
513,11/26/2020 6:21:22,04/02/2020,04/02/2020,Sunny,29,16,10,0.5,46,24,1010,2009,1,22.5
514,11/26/2020 6:21:44,04/02/2020,04/02/2020,Sunny,31,17,10,0.3,28,12,1009,2010,1,24
515,11/26/2020 6:22:04,04/02/2020,04/02/2020,Sunny,24,11,10,5,61,22,1014,2011,1,17.5
516,11/26/2020 6:22:23,04/02/2020,04/02/2020,Sunny,31,19,10,1.4,39,11,1014,2012,1,25
517,11/26/2020 6:22:32,04/02/2020,04/02/2020,Sunny,31,19,10,1.4,39,11,1014,2012,1,25
518,11/26/2020 6:22:57,04/02/2020,04/02/2020,partly cloudy,27,15,12,4,45,33,1014,2013,7,21
519,11/26/2020 6:23:57,04/03/2020,04/03/2020,Sunny,27,15,7,0.2,53,18,1012,2009,1,21
520,11/26/2020 6:24:19,04/03/2020,04/03/2020,Sunny,30,15,9,0.5,36,19,1013,2010,1,22.5
521,11/26/2020 6:24:40,04/03/2020,04/03/2020,Sunny,24,10,8,1.4,50,13,1014,2011,1,17
522,11/26/2020 6:24:59,04/03/2020,04/03/2020,Sunny,30,18,10,2.1,39,7,1015,2012,1,24
523,11/26/2020 6:25:08,04/03/2020,04/03/2020,Sunny,30,18,10,2.1,39,7,1015,2012,1,24
524,11/26/2020 6:25:33,04/03/2020,04/03/2020,Sunny,27,15,11,0.1,35,11,1013,2013,1,21
525,11/26/2020 6:26:32,04/04/2020,04/04/2020,Sunny,30,15,12,0,35,6,1013,2009,1,22.5
526,11/26/2020 6:26:55,04/04/2020,04/04/2020,Sunny,32,16,10,0.4,34,5,1013,2010,1,24
527,11/26/2020 6:27:15,04/04/2020,04/04/2020,Patchy rain possible,23,9,12,1.7,52,30,1014,2011,10,16
528,11/26/2020 6:27:34,04/04/2020,04/04/2020,Sunny,32,18,10,0.1,32,2,1012,2012,1,25
529,11/26/2020 6:27:43,04/04/2020,04/04/2020,Sunny,32,18,10,0.1,32,2,1012,2012,1,25
530,11/26/2020 6:28:08,04/04/2020,04/04/2020,Sunny,26,14,13,0.6,36,2,1011,2013,1,20
531,11/26/2020 6:29:08,04/05/2020,04/05/2020,Sunny,28,14,8,0,39,17,1012,2009,1,21
532,11/26/2020 6:29:30,04/05/2020,04/05/2020,Sunny,31,16,12,0.2,28,5,1013,2010,1,23.5
533,11/26/2020 6:29:50,04/05/2020,04/05/2020,Sunny,24,11,9,0.4,51,19,1016,2011,1,17.5
534,11/26/2020 6:30:09,04/05/2020,04/05/2020,Sunny,32,19,11,1.5,30,5,1010,2012,1,25.5
535,11/26/2020 6:30:18,04/05/2020,04/05/2020,Sunny,32,19,11,1.5,30,5,1010,2012,1,25.5
536,11/26/2020 6:30:43,04/05/2020,04/05/2020,Sunny,27,14,12,0,26,1,1009,2013,1,20.5
537,11/26/2020 6:31:43,04/06/2020,04/06/2020,Patchy light drizzle,18,14,10,2.3,66,38,1011,2009,14,16
538,11/26/2020 6:32:05,04/06/2020,04/06/2020,Sunny,34,15,12,0,22,2,1012,2010,1,24.5
539,11/26/2020 6:32:26,04/06/2020,04/06/2020,Sunny,25,10,8,0,39,21,1016,2011,1,17.5
540,11/26/2020 6:32:44,04/06/2020,04/06/2020,Sunny,30,18,11,0.5,30,15,1009,2012,1,24
541,11/26/2020 6:32:54,04/06/2020,04/06/2020,Sunny,30,18,11,0.5,30,15,1009,2012,1,24
542,11/26/2020 6:33:19,04/06/2020,04/06/2020,Sunny,29,14,12,0,22,12,1009,2013,1,21.5
543,11/26/2020 6:34:18,04/07/2020,04/07/2020,Patchy rain possible,25,13,6,1.3,56,41,1011,2009,10,19
544,11/26/2020 6:34:40,04/07/2020,04/07/2020,Sunny,35,17,11,0,19,14,1012,2010,1,26
545,11/26/2020 6:35:01,04/07/2020,04/07/2020,Sunny,27,10,9,0,32,1,1016,2011,1,18.5
546,11/26/2020 6:35:20,04/07/2020,04/07/2020,Sunny,30,18,11,1.5,36,20,1009,2012,1,24
547,11/26/2020 6:35:30,04/07/2020,04/07/2020,Sunny,30,18,11,1.5,36,20,1009,2012,1,24
548,11/26/2020 6:35:54,04/07/2020,04/07/2020,Sunny,30,17,12,0,25,22,1009,2013,1,23.5
549,11/26/2020 6:36:53,04/08/2020,04/08/2020,partly cloudy,18,13,9,4.4,73,43,1010,2009,7,15.5
550,11/26/2020 6:37:16,04/08/2020,04/08/2020,Sunny,36,18,11,0,20,16,1014,2010,1,27
551,11/26/2020 6:37:36,04/08/2020,04/08/2020,Sunny,28,11,9,0,32,17,1014,2011,1,19.5
552,11/26/2020 6:37:55,04/08/2020,04/08/2020,Sunny,31,19,10,0.5,36,17,1009,2012,1,25
553,11/26/2020 6:38:04,04/08/2020,04/08/2020,Sunny,31,19,10,0.5,36,17,1009,2012,1,25
554,11/26/2020 6:38:29,04/08/2020,04/08/2020,Sunny,30,17,12,0.4,33,18,1009,2013,1,23.5
555,11/26/2020 6:39:29,04/09/2020,04/09/2020,Sunny,24,12,6,0.4,58,22,1015,2009,1,18
556,11/26/2020 6:39:51,04/09/2020,04/09/2020,Sunny,34,21,13,0.1,25,12,1010,2010,1,27.5
557,11/26/2020 6:40:11,04/09/2020,04/09/2020,Sunny,27,14,7,0,33,29,1015,2011,1,20.5
558,11/26/2020 6:40:30,04/09/2020,04/09/2020,Sunny,30,17,11,3.3,45,17,1009,2012,1,23.5
559,11/26/2020 6:40:39,04/09/2020,04/09/2020,Sunny,30,17,11,3.3,45,17,1009,2012,1,23.5
560,11/26/2020 6:41:04,04/09/2020,04/09/2020,Sunny,32,17,11,0.9,35,18,1010,2013,1,24.5
561,11/26/2020 6:42:04,04/10/2020,04/10/2020,Sunny,27,12,10,0,45,8,1014,2009,1,19.5
562,11/26/2020 6:42:26,04/10/2020,04/10/2020,Sunny,36,19,9,0,25,7,1005,2010,1,27.5
563,11/26/2020 6:42:47,04/10/2020,04/10/2020,Thundery outbreaks possible,27,15,11,10.9,53,41,1017,2011,9,21
564,11/26/2020 6:43:06,04/10/2020,04/10/2020,Moderate or heavy rain shower,27,18,11,12.4,59,27,1008,2012,12,22.5
565,11/26/2020 6:43:15,04/10/2020,04/10/2020,Moderate or heavy rain shower,27,18,11,12.4,59,27,1008,2012,12,22.5
566,11/26/2020 6:43:40,04/10/2020,04/10/2020,Sunny,28,18,8,0.2,37,23,1011,2013,1,23
567,11/26/2020 6:44:39,04/11/2020,04/11/2020,Sunny,28,16,9,0.2,46,18,1011,2009,1,22
568,11/26/2020 6:45:01,04/11/2020,04/11/2020,Sunny,37,22,11,0.1,24,22,1005,2010,1,29.5
569,11/26/2020 6:45:22,04/11/2020,04/11/2020,Sunny,27,13,11,4.4,61,23,1016,2011,1,20
570,11/26/2020 6:45:41,04/11/2020,04/11/2020,Thundery outbreaks possible,25,17,8,3.7,57,31,1009,2012,9,21
571,11/26/2020 6:45:50,04/11/2020,04/11/2020,Thundery outbreaks possible,25,17,8,3.7,57,31,1009,2012,9,21
572,11/26/2020 6:46:15,04/11/2020,04/11/2020,Sunny,30,17,9,0,34,6,1010,2013,1,23.5
573,11/26/2020 6:47:15,04/12/2020,04/12/2020,Sunny,32,16,8,0.1,46,11,1011,2009,1,24
574,11/26/2020 6:47:37,04/12/2020,04/12/2020,Sunny,34,22,9,0.1,35,9,1007,2010,1,28
575,11/26/2020 6:47:57,04/12/2020,04/12/2020,Sunny,28,15,7,0.4,47,12,1013,2011,1,21.5
576,11/26/2020 6:48:16,04/12/2020,04/12/2020,Sunny,26,15,9,1.1,46,10,1009,2012,1,20.5
577,11/26/2020 6:48:25,04/12/2020,04/12/2020,Sunny,26,15,9,1.1,46,10,1009,2012,1,20.5
578,11/26/2020 6:48:50,04/12/2020,04/12/2020,Sunny,31,18,8,0,32,7,1010,2013,1,24.5
579,11/26/2020 6:49:50,04/13/2020,04/13/2020,Sunny,29,17,9,0,38,12,1009,2009,1,23
580,11/26/2020 6:50:12,04/13/2020,04/13/2020,Sunny,36,19,13,0,24,0,1009,2010,1,27.5
581,11/26/2020 6:50:32,04/13/2020,04/13/2020,Sunny,30,15,8,0.2,44,5,1012,2011,1,22.5
582,11/26/2020 6:50:51,04/13/2020,04/13/2020,Sunny,27,16,9,3.7,49,27,1009,2012,1,21.5
583,11/26/2020 6:51:01,04/13/2020,04/13/2020,Sunny,27,16,9,3.7,49,27,1009,2012,1,21.5
584,11/26/2020 6:51:25,04/13/2020,04/13/2020,Sunny,32,18,9,0.1,27,6,1011,2013,1,25
585,11/26/2020 6:52:25,04/14/2020,04/14/2020,Sunny,33,19,10,0.1,37,25,1008,2009,1,26
586,11/26/2020 6:52:47,04/14/2020,04/14/2020,Sunny,38,18,10,0,18,5,1008,2010,1,28
587,11/26/2020 6:53:08,04/14/2020,04/14/2020,Sunny,31,15,8,0,39,4,1011,2011,1,23
588,11/26/2020 6:53:27,04/14/2020,04/14/2020,Sunny,23,15,10,5.2,57,21,1013,2012,1,19
589,11/26/2020 6:53:36,04/14/2020,04/14/2020,Sunny,23,15,10,5.2,57,21,1013,2012,1,19
590,11/26/2020 6:54:01,04/14/2020,04/14/2020,Sunny,31,18,10,0.2,30,9,1010,2013,1,24.5
591,11/26/2020 6:55:00,04/15/2020,04/15/2020,partly cloudy,23,17,10,0.9,54,35,1011,2009,7,20
592,11/26/2020 6:55:23,04/15/2020,04/15/2020,Sunny,39,20,12,0,17,24,1009,2010,1,29.5
593,11/26/2020 6:55:43,04/15/2020,04/15/2020,Sunny,30,18,9,2.7,46,30,1010,2011,1,24
594,11/26/2020 6:56:02,04/15/2020,04/15/2020,Sunny,26,14,11,0.2,40,12,1012,2012,1,20
595,11/26/2020 6:56:11,04/15/2020,04/15/2020,Sunny,26,14,11,0.2,40,12,1012,2012,1,20
596,11/26/2020 6:56:36,04/15/2020,04/15/2020,Sunny,32,19,10,0,29,6,1006,2013,1,25.5
597,11/26/2020 6:57:36,04/16/2020,04/16/2020,Sunny,30,15,9,0,37,4,1010,2009,1,22.5
598,11/26/2020 6:57:58,04/16/2020,04/16/2020,Sunny,39,23,11,0,20,25,1009,2010,1,31
599,11/26/2020 6:58:18,04/16/2020,04/16/2020,Sunny,29,15,7,1.5,56,37,1012,2011,1,22
600,11/26/2020 6:58:37,04/16/2020,04/16/2020,Sunny,27,15,8,0.4,47,22,1010,2012,1,21
601,11/26/2020 6:58:46,04/16/2020,04/16/2020,Sunny,27,15,8,0.4,47,22,1010,2012,1,21
602,11/26/2020 6:59:11,04/16/2020,04/16/2020,Sunny,29,18,12,5.6,43,6,1004,2013,1,23.5
603,11/26/2020 7:00:11,04/17/2020,04/17/2020,Sunny,31,15,11,0,29,7,1009,2009,1,23
604,11/26/2020 7:00:34,04/17/2020,04/17/2020,Sunny,39,22,10,0,22,15,1006,2010,1,30.5
605,11/26/2020 7:01:13,04/17/2020,04/17/2020,Sunny,27,18,8,1.2,49,16,1008,2012,1,22.5
606,11/26/2020 7:01:22,04/17/2020,04/17/2020,Sunny,27,18,8,1.2,49,16,1008,2012,1,22.5
607,11/26/2020 7:01:47,04/17/2020,04/17/2020,Sunny,30,16,11,0,25,4,1004,2013,1,23
608,11/26/2020 7:02:46,04/18/2020,04/18/2020,Sunny,33,16,12,0,27,2,1008,2009,1,24.5
609,11/26/2020 7:03:09,04/18/2020,04/18/2020,Sunny,37,23,13,0.5,37,19,1004,2010,1,30
610,11/26/2020 7:03:31,04/18/2020,04/18/2020,partly cloudy,25,13,9,2.9,62,30,1011,2011,7,19
611,11/26/2020 7:03:57,04/18/2020,04/18/2020,partly cloudy,25,13,9,2.9,62,30,1011,2011,7,19
612,11/26/2020 7:04:22,04/18/2020,04/18/2020,Sunny,31,17,11,0.1,25,2,1006,2013,1,24
613,11/26/2020 7:05:22,04/19/2020,04/19/2020,Sunny,35,17,11,0,27,17,1008,2009,1,26
614,11/26/2020 7:05:44,04/19/2020,04/19/2020,Sunny,37,21,12,1.1,37,5,1003,2010,1,29
615,11/26/2020 7:06:05,04/19/2020,04/19/2020,Sunny,28,12,10,1,49,8,1011,2011,1,20
616,11/26/2020 7:06:23,04/19/2020,04/19/2020,partly cloudy,27,19,10,0,45,40,1009,2012,7,23
617,11/26/2020 7:06:33,04/19/2020,04/19/2020,partly cloudy,27,19,10,0,45,40,1009,2012,7,23
618,11/26/2020 7:06:58,04/19/2020,04/19/2020,Sunny,32,18,13,0.3,25,6,1007,2013,1,25
619,11/26/2020 7:07:57,04/20/2020,04/20/2020,Sunny,34,21,11,0.4,29,7,1006,2009,1,27.5
620,11/26/2020 7:08:19,04/20/2020,04/20/2020,Sunny,37,21,13,0,30,8,1003,2010,1,29
621,11/26/2020 7:08:40,04/20/2020,04/20/2020,Sunny,28,14,8,3.3,55,14,1010,2011,1,21
622,11/26/2020 7:08:59,04/20/2020,04/20/2020,partly cloudy,26,19,9,2,44,36,1011,2012,7,22.5
623,11/26/2020 7:09:08,04/20/2020,04/20/2020,partly cloudy,26,19,9,2,44,36,1011,2012,7,22.5
624,11/26/2020 7:09:33,04/20/2020,04/20/2020,Patchy rain possible,29,16,19,4.2,42,29,1007,2013,10,22.5
625,11/26/2020 7:10:32,04/21/2020,04/21/2020,Sunny,30,18,11,0.2,36,14,1004,2009,1,24
626,11/26/2020 7:10:55,04/21/2020,04/21/2020,Sunny,31,20,11,0,32,13,1006,2010,1,25.5
627,11/26/2020 7:11:15,04/21/2020,04/21/2020,Sunny,29,15,7,2.3,55,17,1010,2011,1,22
628,11/26/2020 7:11:34,04/21/2020,04/21/2020,Sunny,28,17,10,2,51,7,1012,2012,1,22.5
629,11/26/2020 7:11:43,04/21/2020,04/21/2020,Sunny,28,17,10,2,51,7,1012,2012,1,22.5
630,11/26/2020 7:12:08,04/21/2020,04/21/2020,Sunny,28,16,12,2.8,43,19,1010,2013,1,22
631,11/26/2020 7:13:08,04/22/2020,04/22/2020,Sunny,32,16,10,0,26,1,1008,2009,1,24
632,11/26/2020 7:13:30,04/22/2020,04/22/2020,Sunny,32,19,8,0.1,27,13,1010,2010,1,25.5
633,11/26/2020 7:13:50,04/22/2020,04/22/2020,Sunny,32,15,6,0,45,2,1009,2011,1,23.5
634,11/26/2020 7:14:09,04/22/2020,04/22/2020,Sunny,27,17,9,1.9,47,22,1008,2012,1,22
635,11/26/2020 7:14:19,04/22/2020,04/22/2020,Sunny,27,17,9,1.9,47,22,1008,2012,1,22
636,11/26/2020 7:14:44,04/22/2020,04/22/2020,Sunny,29,16,11,0.2,40,12,1012,2013,1,22.5
637,11/26/2020 7:15:43,04/23/2020,04/23/2020,Sunny,32,15,10,0,19,8,1012,2009,1,23.5
638,11/26/2020 7:16:05,04/23/2020,04/23/2020,Sunny,33,17,13,0,24,3,1011,2010,1,25
639,11/26/2020 7:16:26,04/23/2020,04/23/2020,Sunny,33,16,8,0,34,0,1008,2011,1,24.5
640,11/26/2020 7:16:45,04/23/2020,04/23/2020,partly cloudy,28,17,6,1.4,45,28,1008,2012,7,22.5
641,11/26/2020 7:16:54,04/23/2020,04/23/2020,partly cloudy,28,17,6,1.4,45,28,1008,2012,7,22.5
642,11/26/2020 7:17:19,04/23/2020,04/23/2020,Sunny,30,18,8,0.1,37,10,1012,2013,1,24
643,11/26/2020 7:18:18,04/24/2020,04/24/2020,Sunny,32,16,12,0,18,3,1012,2009,1,24
644,11/26/2020 7:18:41,04/24/2020,04/24/2020,Sunny,34,17,10,0,22,1,1009,2010,1,25.5
645,11/26/2020 7:19:01,04/24/2020,04/24/2020,Sunny,36,17,8,0,29,0,1007,2011,1,26.5
646,11/26/2020 7:19:20,04/24/2020,04/24/2020,Sunny,29,18,7,0.2,38,14,1009,2012,1,23.5
647,11/26/2020 7:19:29,04/24/2020,04/24/2020,Sunny,29,18,7,0.2,38,14,1009,2012,1,23.5
648,11/26/2020 7:19:54,04/24/2020,04/24/2020,Sunny,31,19,10,0.9,36,11,1012,2013,1,25
649,11/26/2020 7:20:54,04/25/2020,04/25/2020,Sunny,34,16,11,0,17,7,1013,2009,1,25
650,11/26/2020 7:21:16,04/25/2020,04/25/2020,Sunny,36,19,10,0,21,1,1008,2010,1,27.5
651,11/26/2020 7:21:37,04/25/2020,04/25/2020,Sunny,38,18,9,0,26,0,1006,2011,1,28
652,11/26/2020 7:21:55,04/25/2020,04/25/2020,Sunny,29,19,7,0.1,38,22,1009,2012,1,24
653,11/26/2020 7:22:05,04/25/2020,04/25/2020,Sunny,29,19,7,0.1,38,22,1009,2012,1,24
654,11/26/2020 7:22:29,04/25/2020,04/25/2020,Sunny,31,19,11,0.3,32,18,1012,2013,1,25
655,11/26/2020 7:23:30,04/26/2020,04/26/2020,Sunny,35,18,9,0,17,25,1012,2009,1,26.5
656,11/26/2020 7:23:51,04/26/2020,04/26/2020,Sunny,37,20,11,0,22,13,1011,2010,1,28.5
657,11/26/2020 7:24:12,04/26/2020,04/26/2020,Sunny,38,19,8,0,26,0,1007,2011,1,28.5
658,11/26/2020 7:24:31,04/26/2020,04/26/2020,Thundery outbreaks possible,27,19,7,4.6,45,33,1012,2012,9,23
659,11/26/2020 7:24:40,04/26/2020,04/26/2020,Thundery outbreaks possible,27,19,7,4.6,45,33,1012,2012,9,23
660,11/26/2020 7:25:05,04/26/2020,04/26/2020,Sunny,31,21,10,1.4,33,20,1011,2013,1,26
661,11/26/2020 7:26:04,04/27/2020,04/27/2020,Sunny,35,21,9,0,24,16,1010,2009,1,28
662,11/26/2020 7:26:27,04/27/2020,04/27/2020,Sunny,35,21,10,2.8,42,22,1011,2010,1,28
663,11/26/2020 7:26:47,04/27/2020,04/27/2020,Sunny,37,20,9,0,25,0,1007,2011,1,28.5
664,11/26/2020 7:27:06,04/27/2020,04/27/2020,Sunny,28,17,9,2.8,45,16,1009,2012,1,22.5
665,11/26/2020 7:27:15,04/27/2020,04/27/2020,Sunny,28,17,9,2.8,45,16,1009,2012,1,22.5
666,11/26/2020 7:27:40,04/27/2020,04/27/2020,partly cloudy,30,18,13,0.7,40,19,1012,2013,7,24
667,11/26/2020 7:28:40,04/28/2020,04/28/2020,Sunny,36,20,10,0,26,8,1009,2009,1,28
668,11/26/2020 7:29:02,04/28/2020,04/28/2020,Sunny,35,21,9,1.7,43,17,1010,2010,1,28
669,11/26/2020 7:29:22,04/28/2020,04/28/2020,Sunny,36,20,11,1.4,30,3,1005,2011,1,28
670,11/26/2020 7:29:41,04/28/2020,04/28/2020,partly cloudy,24,18,8,3,54,34,1006,2012,7,21
671,11/26/2020 7:29:50,04/28/2020,04/28/2020,partly cloudy,24,18,8,3,54,34,1006,2012,7,21
672,11/26/2020 7:30:15,04/28/2020,04/28/2020,Sunny,30,18,10,0,32,14,1009,2013,1,24
673,11/26/2020 7:31:15,04/29/2020,04/29/2020,Sunny,37,21,11,0,22,13,1009,2009,1,29
674,11/26/2020 7:31:37,04/29/2020,04/29/2020,Sunny,37,21,10,0,30,5,1009,2010,1,29
675,11/26/2020 7:31:58,04/29/2020,04/29/2020,Sunny,33,19,11,0.9,38,9,1005,2011,1,26
676,11/26/2020 7:32:17,04/29/2020,04/29/2020,Sunny,26,17,11,1.2,46,22,1006,2012,1,21.5
677,11/26/2020 7:32:26,04/29/2020,04/29/2020,Sunny,26,17,11,1.2,46,22,1006,2012,1,21.5
678,11/26/2020 7:32:51,04/29/2020,04/29/2020,Sunny,31,19,10,0.3,28,8,1009,2013,1,25
679,11/26/2020 7:33:50,04/30/2020,04/30/2020,Sunny,38,20,10,0,19,3,1008,2009,1,29
680,11/26/2020 7:34:13,04/30/2020,04/30/2020,Patchy rain possible,28,20,10,1.1,45,19,1011,2010,10,24
681,11/26/2020 7:34:33,04/30/2020,04/30/2020,Patchy rain possible,32,18,8,3.8,45,13,1007,2011,10,25
682,11/26/2020 7:34:52,04/30/2020,04/30/2020,Sunny,28,15,9,0.7,37,8,1007,2012,1,21.5
683,11/26/2020 7:35:01,04/30/2020,04/30/2020,Sunny,28,15,9,0.7,37,8,1007,2012,1,21.5
684,11/26/2020 7:35:26,04/30/2020,04/30/2020,Sunny,33,18,13,0.1,25,2,1009,2013,1,25.5
685,11/26/2020 7:38:07,05/01/2020,05/01/2020,Sunny,39,22,8,0,18,20,1007,2009,1,30.5
686,11/26/2020 7:38:30,05/01/2020,05/01/2020,Sunny,34,19,9,0.5,38,14,1011,2010,1,26.5
687,11/26/2020 7:38:50,05/01/2020,05/01/2020,Sunny,35,18,9,0.5,37,3,1007,2011,1,26.5
688,11/26/2020 7:39:09,05/01/2020,05/01/2020,Sunny,27,16,11,2.5,41,12,1009,2012,1,21.5
689,11/26/2020 7:39:18,05/01/2020,05/01/2020,Sunny,27,16,11,2.5,41,12,1009,2012,1,21.5
690,11/26/2020 7:39:43,05/01/2020,05/01/2020,Sunny,31,17,16,1.1,30,4,1007,2013,1,24
691,11/26/2020 8:07:24,05/01/2020,05/01/2020,Sunny,39,22,8,0,18,20,1007,2009,1,30.5
692,11/26/2020 8:08:01,05/01/2020,05/01/2020,Sunny,34,19,9,0.5,38,14,1011,2010,1,26.5
693,11/26/2020 8:08:34,05/01/2020,05/01/2020,Sunny,35,18,9,0.5,37,3,1007,2011,1,26.5
694,11/26/2020 8:09:08,05/01/2020,05/01/2020,Sunny,27,16,11,2.5,41,12,1009,2012,1,21.5
695,11/26/2020 8:09:41,05/01/2020,05/01/2020,Sunny,31,17,16,1.1,30,4,1007,2013,1,24
696,11/26/2020 8:10:47,05/01/2020,05/01/2020,Sunny,38,22,11,0,18,22,1007,2009,1,30
697,11/26/2020 8:12:30,05/01/2020,05/01/2020,Sunny,38,22,11,0,18,22,1007,2009,1,30
698,11/26/2020 8:14:13,05/02/2020,05/02/2020,Sunny,38,22,11,0,18,22,1007,2009,1,30
699,11/26/2020 8:14:48,05/02/2020,05/02/2020,Sunny,38,21,10,0,26,1,1007,2010,1,29.5
700,11/26/2020 8:15:24,05/02/2020,05/02/2020,Sunny,37,20,8,0,30,1,1003,2011,1,28.5
701,11/26/2020 8:15:57,05/02/2020,05/02/2020,Sunny,29,15,11,0,35,9,1010,2012,1,22
702,11/26/2020 8:16:30,05/02/2020,05/02/2020,Sunny,33,18,11,0,20,1,1004,2013,1,25.5
703,11/26/2020 8:17:40,05/03/2020,05/03/2020,Sunny,35,24,14,0,23,23,1009,2009,1,29.5
704,11/26/2020 8:19:43,05/03/2020,05/03/2020,Sunny,35,24,14,0,23,23,1009,2009,1,29.5
705,11/26/2020 8:20:01,05/03/2020,05/03/2020,Sunny,39,21,10,0,22,2,1004,2010,1,30
706,11/26/2020 8:20:55,05/03/2020,05/03/2020,Sunny,34,19,11,0,17,20,1001,2013,1,26.5
707,11/26/2020 8:21:37,05/04/2020,05/04/2020,Sunny,32,20,10,0.1,29,14,1010,2009,1,26
708,11/26/2020 8:21:56,05/04/2020,05/04/2020,Sunny,37,25,13,0.3,29,23,1004,2010,1,31
709,11/26/2020 8:23:59,05/04/2020,05/04/2020,Sunny,32,20,10,0.1,29,14,1010,2009,1,26
710,11/26/2020 8:24:37,05/04/2020,05/04/2020,Sunny,37,25,13,0.3,29,23,1004,2010,1,31
711,11/26/2020 8:25:15,05/04/2020,05/04/2020,Sunny,39,22,9,0.4,27,5,1003,2011,1,30.5
712,11/26/2020 8:25:49,05/04/2020,05/04/2020,Sunny,32,19,12,0.1,29,1,1005,2012,1,25.5
713,11/26/2020 8:26:20,05/04/2020,05/04/2020,Sunny,33,21,13,0,19,29,1003,2013,1,27
714,11/26/2020 8:27:45,05/05/2020,05/05/2020,partly cloudy,26,19,10,0.3,38,27,1012,2009,7,22.5
715,11/26/2020 8:27:59,05/05/2020,05/05/2020,partly cloudy,25,20,8,1.9,61,29,1006,2010,7,22.5
716,11/26/2020 8:28:14,05/05/2020,05/05/2020,Sunny,34,21,9,2.5,37,12,1006,2011,1,27.5
717,11/26/2020 8:28:28,05/05/2020,05/05/2020,Sunny,34,20,10,0.7,32,14,1007,2012,1,27
718,11/26/2020 8:28:40,05/05/2020,05/05/2020,Sunny,34,20,16,0.9,28,12,1005,2013,1,27
719,11/26/2020 8:30:20,05/06/2020,05/06/2020,Sunny,32,16,9,0,33,9,1012,2009,1,24
720,11/26/2020 8:38:40,05/06/2020,05/06/2020,Sunny,32,16,9,0,33,9,1012,2009,1,24
721,11/26/2020 8:38:56,05/06/2020,05/06/2020,Sunny,34,19,7,0.1,45,20,1006,2010,1,26.5
722,11/26/2020 8:39:12,05/06/2020,05/06/2020,Sunny,32,20,8,1.7,44,13,1008,2011,1,26
723,11/26/2020 8:39:27,05/06/2020,05/06/2020,Sunny,30,19,6,5.4,48,13,1008,2012,1,24.5
724,11/26/2020 8:39:39,05/06/2020,05/06/2020,Sunny,34,20,12,0.1,25,4,1007,2013,1,27
725,11/26/2020 8:40:52,05/06/2020,05/06/2020,Sunny,32,16,9,0,33,9,1012,2009,1,24
726,11/26/2020 8:41:51,05/06/2020,05/06/2020,Sunny,32,16,9,0,33,9,1012,2009,1,24
727,11/26/2020 8:42:12,05/06/2020,05/06/2020,Sunny,34,19,7,0.1,45,20,1006,2010,1,26.5
728,11/26/2020 8:42:34,05/06/2020,05/06/2020,Sunny,32,20,8,1.7,44,13,1008,2011,1,26
729,11/26/2020 8:42:54,05/06/2020,05/06/2020,Sunny,30,19,6,5.4,48,13,1008,2012,1,24.5
730,11/26/2020 8:43:11,05/06/2020,05/06/2020,Sunny,34,20,12,0.1,25,4,1007,2013,1,27
731,11/26/2020 8:44:02,05/07/2020,05/07/2020,Sunny,34,19,9,0,21,10,1007,2009,1,26.5
732,11/26/2020 8:44:23,05/07/2020,05/07/2020,partly cloudy,33,21,9,1.4,43,32,1006,2010,7,27
733,11/26/2020 8:44:45,05/07/2020,05/07/2020,Sunny,33,17,8,0.3,35,2,1006,2011,1,25
734,11/26/2020 8:45:05,05/07/2020,05/07/2020,Sunny,32,22,8,0,38,11,1007,2012,1,27
735,11/26/2020 8:45:22,05/07/2020,05/07/2020,Sunny,34,21,14,0.4,26,10,1007,2013,1,27.5
736,11/26/2020 8:46:13,05/08/2020,05/08/2020,Sunny,35,20,6,0,23,15,1006,2009,1,27.5
737,11/26/2020 8:46:34,05/08/2020,05/08/2020,Sunny,33,19,8,1.3,40,22,1007,2010,1,26
738,11/26/2020 8:46:56,05/08/2020,05/08/2020,Sunny,36,19,7,0,25,2,1003,2011,1,27.5
739,11/26/2020 8:47:15,05/08/2020,05/08/2020,Sunny,34,21,11,0,30,3,1007,2012,1,27.5
740,11/26/2020 8:47:33,05/08/2020,05/08/2020,Sunny,34,19,14,0.8,30,3,1007,2013,1,26.5
741,11/26/2020 8:49:48,05/09/2020,05/09/2020,Sunny,35,20,10,0,23,11,1004,2009,1,27.5
742,11/26/2020 8:50:24,05/09/2020,05/09/2020,Sunny,36,20,9,0,33,6,1004,2010,1,28
743,11/26/2020 8:50:59,05/09/2020,05/09/2020,Sunny,35,21,10,1.3,33,6,1003,2011,1,28
744,11/26/2020 8:51:36,05/09/2020,05/09/2020,Sunny,35,22,9,0,25,10,1008,2012,1,28.5
745,11/26/2020 8:52:09,05/09/2020,05/09/2020,Sunny,35,21,13,0,22,2,1005,2013,1,28
746,11/26/2020 8:54:39,05/10/2020,05/10/2020,Sunny,33,21,11,0.5,28,8,1003,2009,1,27
747,11/26/2020 8:54:53,05/10/2020,05/10/2020,Sunny,35,21,10,2,36,11,1005,2010,1,28
748,11/26/2020 8:55:07,05/10/2020,05/10/2020,Sunny,36,21,11,1.6,31,2,1003,2011,1,28.5
749,11/26/2020 8:55:21,05/10/2020,05/10/2020,Sunny,34,23,10,1.4,33,12,1009,2012,1,28.5
750,11/26/2020 8:55:34,05/10/2020,05/10/2020,Sunny,36,23,12,0,18,23,1003,2013,1,29.5
751,11/26/2020 8:56:10,05/11/2020,05/11/2020,Sunny,35,17,9,0,22,1,1004,2009,1,26
752,11/26/2020 8:56:24,05/11/2020,05/11/2020,Sunny,36,20,10,0,28,3,1005,2010,1,28
753,11/26/2020 8:56:37,05/11/2020,05/11/2020,Sunny,35,23,14,0.4,27,7,1003,2011,1,29
754,11/26/2020 8:56:52,05/11/2020,05/11/2020,Sunny,34,23,11,0.4,32,7,1007,2012,1,28.5
755,11/26/2020 8:57:04,05/11/2020,05/11/2020,partly cloudy,33,24,11,0,24,34,1002,2013,7,28.5
756,11/26/2020 8:57:41,05/12/2020,05/12/2020,Sunny,36,17,8,0,17,0,1005,2009,1,26.5
757,11/26/2020 8:57:55,05/12/2020,05/12/2020,Sunny,37,21,10,0.2,28,4,1004,2010,1,29
758,11/26/2020 8:58:08,05/12/2020,05/12/2020,Sunny,36,22,14,1,27,5,1003,2011,1,29
759,11/26/2020 8:58:23,05/12/2020,05/12/2020,Sunny,31,20,13,3.4,38,10,1007,2012,1,25.5
760,11/26/2020 8:58:35,05/12/2020,05/12/2020,partly cloudy,30,22,7,0.4,32,26,1007,2013,7,26
761,11/26/2020 8:59:12,05/13/2020,05/13/2020,Sunny,39,20,8,0,18,3,1002,2009,1,29.5
762,11/26/2020 8:59:26,05/13/2020,05/13/2020,Sunny,36,22,11,0.4,30,9,1005,2010,1,29
763,11/26/2020 8:59:39,05/13/2020,05/13/2020,Sunny,35,21,9,0.9,27,2,1006,2011,1,28
764,11/26/2020 8:59:54,05/13/2020,05/13/2020,Sunny,32,20,9,0.2,29,8,1007,2012,1,26
765,11/26/2020 9:00:06,05/13/2020,05/13/2020,Sunny,32,20,8,0.3,33,12,1006,2013,1,26
766,11/26/2020 9:00:43,05/14/2020,05/14/2020,Sunny,39,21,9,0,18,4,1001,2009,1,30
767,11/26/2020 9:00:57,05/14/2020,05/14/2020,Sunny,36,20,11,0,26,1,1004,2010,1,28
768,11/26/2020 9:01:10,05/14/2020,05/14/2020,Sunny,38,22,11,0,19,0,1005,2011,1,30
769,11/26/2020 9:01:22,05/14/2020,05/14/2020,Sunny,38,22,11,0,19,0,1005,2011,1,30
770,11/26/2020 9:01:37,05/14/2020,05/14/2020,Sunny,33,20,10,1.9,34,10,1005,2013,1,26.5
771,11/26/2020 9:02:14,05/15/2020,05/15/2020,Sunny,39,22,10,0,18,2,1002,2009,1,30.5
772,11/26/2020 9:02:28,05/15/2020,05/15/2020,Sunny,38,20,9,0,22,7,1004,2010,1,29
773,11/26/2020 9:02:41,05/15/2020,05/15/2020,Sunny,39,23,10,0,17,0,1006,2011,1,31
774,11/26/2020 9:02:56,05/15/2020,05/15/2020,Sunny,34,21,12,2.4,30,11,1006,2012,1,27.5
775,11/26/2020 9:03:08,05/15/2020,05/15/2020,Sunny,34,21,12,0,28,5,1004,2013,1,27.5
776,11/26/2020 9:03:45,05/16/2020,05/16/2020,Sunny,39,22,11,0,17,0,1005,2009,1,30.5
777,11/26/2020 9:03:59,05/16/2020,05/16/2020,Sunny,39,23,13,0,20,16,1004,2010,1,31
778,11/26/2020 9:04:12,05/16/2020,05/16/2020,Sunny,40,25,10,0,18,0,1008,2011,1,32.5
779,11/26/2020 9:04:39,05/16/2020,05/16/2020,Sunny,36,22,12,0,17,0,1001,2013,1,29
780,11/26/2020 9:08:47,05/16/2020,05/16/2020,Sunny,39,22,11,0,17,0,1005,2009,1,30.5
781,11/26/2020 9:09:01,05/16/2020,05/16/2020,Sunny,39,23,13,0,20,16,1004,2010,1,31
782,11/26/2020 9:09:14,05/16/2020,05/16/2020,Sunny,40,25,10,0,18,0,1008,2011,1,32.5
783,11/26/2020 9:09:28,05/16/2020,05/16/2020,Sunny,35,21,13,2.1,33,6,1004,2012,1,28
784,11/26/2020 9:09:41,05/16/2020,05/16/2020,Sunny,36,22,12,0,17,0,1001,2013,1,29
785,11/26/2020 9:10:18,05/17/2020,05/17/2020,Sunny,40,22,10,0,16,0,1006,2009,1,31
786,11/26/2020 9:10:32,05/17/2020,05/17/2020,partly cloudy,31,23,16,0.7,40,30,1007,2010,7,27
787,11/26/2020 9:10:45,05/17/2020,05/17/2020,Sunny,41,26,10,0,19,0,1007,2011,1,33.5
788,11/26/2020 9:10:59,05/17/2020,05/17/2020,Sunny,33,22,12,4.1,35,13,1005,2012,1,27.5
789,11/26/2020 9:11:12,05/17/2020,05/17/2020,Sunny,38,23,11,0,13,0,1002,2013,1,30.5
790,11/26/2020 9:11:48,05/18/2020,05/18/2020,Sunny,42,23,10,0,14,0,1003,2009,1,32.5
791,11/26/2020 9:12:02,05/18/2020,05/18/2020,Sunny,35,22,10,0.2,40,16,1007,2010,1,28.5
792,11/26/2020 9:12:15,05/18/2020,05/18/2020,Sunny,39,26,9,0.5,23,1,1003,2011,1,32.5
793,11/26/2020 9:12:30,05/18/2020,05/18/2020,Sunny,33,19,12,1.5,31,5,1007,2012,1,26
794,11/26/2020 9:12:43,05/18/2020,05/18/2020,Sunny,40,24,13,0,13,0,1002,2013,1,32
795,11/26/2020 9:13:19,05/19/2020,05/19/2020,Sunny,42,25,12,0.1,16,10,1004,2009,1,33.5
796,11/26/2020 9:13:33,05/19/2020,05/19/2020,Sunny,36,21,13,0,28,5,1006,2010,1,28.5
797,11/26/2020 9:13:46,05/19/2020,05/19/2020,Sunny,40,26,11,0,22,0,999,2011,1,33
798,11/26/2020 9:14:01,05/19/2020,05/19/2020,Sunny,35,20,10,0,23,2,1007,2012,1,27.5
799,11/26/2020 9:14:13,05/19/2020,05/19/2020,Sunny,41,26,14,0.1,12,13,1001,2013,1,33.5
800,11/26/2020 9:14:50,05/20/2020,05/20/2020,Sunny,41,25,10,0,19,3,1004,2009,1,33
801,11/26/2020 9:15:04,05/20/2020,05/20/2020,Sunny,38,20,12,0,21,0,1004,2010,1,29
802,11/26/2020 9:15:17,05/20/2020,05/20/2020,Sunny,39,25,7,0.1,25,1,998,2011,1,32
803,11/26/2020 9:17:20,05/21/2020,05/21/2020,Sunny,36,24,11,2.7,34,5,998,2011,1,30
804,11/26/2020 9:17:41,05/21/2020,05/21/2020,Sunny,31,22,11,2.9,34,22,1007,2012,1,26.5
805,11/26/2020 9:18:24,05/22/2020,05/22/2020,Sunny,40,24,12,0,17,3,1003,2009,1,32
806,11/26/2020 9:18:38,05/22/2020,05/22/2020,partly cloudy,42,24,10,0,18,21,1003,2010,7,33
807,11/26/2020 9:18:51,05/22/2020,05/22/2020,Sunny,35,23,9,0.5,31,3,1002,2011,1,29
808,11/26/2020 9:19:05,05/22/2020,05/22/2020,Sunny,33,20,12,3.2,32,11,1007,2012,1,26.5
809,11/26/2020 9:19:18,05/22/2020,05/22/2020,Sunny,42,26,14,0,12,1,1001,2013,1,34
810,11/26/2020 9:19:55,05/23/2020,05/23/2020,Sunny,40,23,9,0,17,0,1002,2009,1,31.5
811,11/26/2020 9:20:09,05/23/2020,05/23/2020,Sunny,40,25,12,0.2,28,6,1003,2010,1,32.5
812,11/26/2020 9:20:22,05/23/2020,05/23/2020,Sunny,37,24,8,0,25,2,1004,2011,1,30.5
813,11/26/2020 9:20:36,05/23/2020,05/23/2020,Sunny,35,20,14,0,20,4,1007,2012,1,27.5
814,11/26/2020 9:20:49,05/23/2020,05/23/2020,Sunny,42,26,14,0,13,4,1000,2013,1,34
815,11/26/2020 9:23:00,05/24/2020,05/24/2020,Sunny,39,22,10,0,15,1,1001,2009,1,30.5
816,11/26/2020 9:25:17,05/24/2020,05/24/2020,Sunny,39,22,10,0,15,1,1001,2009,1,30.5
817,11/26/2020 9:26:37,05/24/2020,05/24/2020,Sunny,39,22,10,0,15,1,1001,2009,1,30.5
818,12/13/2020 3:59:02,07/01/2020,07/01/2020,Sunny,41,25,10,0,16,6,998,2009,1,33
819,12/13/2020 3:59:40,07/01/2020,07/01/2020,Sunny,41,27,12,0,24,4,999,2010,1,34
820,12/13/2020 4:00:27,07/01/2020,07/01/2020,Sunny,35,26,8,1.1,45,12,998,2012,1,30.5
821,12/13/2020 4:01:12,07/01/2020,07/01/2020,Sunny,42,29,10,0,18,1,996,2012,1,35.5
822,12/13/2020 4:01:51,07/01/2020,07/01/2020,Sunny,37,26,11,3.2,38,6,998,2013,1,31.5
823,12/13/2020 4:03:30,07/02/2020,07/02/2020,Sunny,39,25,8,0.2,24,11,997,2009,1,32
824,12/13/2020 4:07:11,07/02/2020,07/02/2020,Sunny,39,25,8,0.2,24,11,997,2009,1,32
825,12/13/2020 4:07:52,07/02/2020,07/02/2020,Sunny,40,27,9,0,21,5,1002,2010,1,33.5
826,12/13/2020 4:08:38,07/02/2020,07/02/2020,Sunny,34,26,8,1.8,44,15,998,2011,1,30
827,12/13/2020 4:09:30,07/02/2020,07/02/2020,Sunny,42,30,10,0,17,0,997,2012,1,36
828,12/13/2020 4:10:15,07/02/2020,07/02/2020,Sunny,37,27,9,0.2,30,10,997,2013,1,32
829,12/13/2020 4:11:34,07/03/2020,07/03/2020,Thundery outbreaks possible,34,25,7,2.1,36,24,1000,2009,9,29.5
830,12/13/2020 4:11:51,07/03/2020,07/03/2020,Sunny,41,26,8,0,19,4,1002,2010,1,33.5
831,12/13/2020 4:12:08,07/03/2020,07/03/2020,Sunny,35,26,6,3.4,46,19,1000,2011,1,30.5
832,12/13/2020 4:12:28,07/03/2020,07/03/2020,Sunny,42,30,9,0,18,0,993,2012,1,36
833,12/13/2020 4:12:44,07/03/2020,07/03/2020,Sunny,38,27,8,0.1,27,4,999,2013,1,32.5
834,12/13/2020 4:13:28,07/04/2020,07/04/2020,Sunny,36,24,11,0.3,28,12,1000,2009,1,30
835,12/13/2020 5:12:36,07/04/2020,07/04/2020,Sunny,36,24,11,0.3,28,12,1000,2009,1,30
836,12/13/2020 6:13:04,07/04/2020,07/04/2020,Sunny,36,24,11,0.3,28,12,1000,2009,1,30
837,12/13/2020 6:13:45,07/04/2020,07/04/2020,Sunny,40,27,9,0,21,8,1003,2010,1,33.5
838,12/13/2020 6:14:28,07/04/2020,07/04/2020,Sunny,36,26,7,0.7,38,5,1002,2011,1,31
839,12/13/2020 6:15:15,07/04/2020,07/04/2020,Sunny,42,31,11,0,20,2,993,2012,1,36.5
840,12/13/2020 6:16:15,07/04/2020,07/04/2020,Sunny,39,29,7,0,27,4,998,2013,1,34
841,12/13/2020 6:18:11,07/05/2020,07/05/2020,Sunny,38,23,9,0,25,3,1000,2009,1,30.5
842,12/13/2020 6:22:50,07/05/2020,07/05/2020,Sunny,38,23,9,0,25,3,1000,2009,1,30.5
843,12/13/2020 6:23:31,07/05/2020,07/05/2020,Sunny,40,27,9,0.1,24,7,1002,2010,1,33.5
844,12/13/2020 6:24:08,07/05/2020,07/05/2020,Sunny,37,27,8,0,31,5,1002,2011,1,32
845,12/13/2020 6:24:45,07/05/2020,07/05/2020,Sunny,41,31,12,0,21,4,994,2012,1,36
846,12/13/2020 6:25:35,07/05/2020,07/05/2020,Sunny,39,30,9,0,30,7,997,2013,1,34.5
847,12/13/2020 6:30:11,07/06/2020,07/06/2020,Sunny,41,25,11,0,17,0,998,2009,1,33
848,12/13/2020 6:30:50,07/06/2020,07/06/2020,Sunny,39,26,9,0.8,36,13,1003,2010,1,32.5
849,12/13/2020 6:31:32,07/06/2020,07/06/2020,partly cloudy,37,29,10,0.6,35,26,1002,2011,7,33
850,12/13/2020 6:32:12,07/06/2020,07/06/2020,Sunny,41,31,12,0,23,6,993,2012,1,36
851,12/13/2020 6:33:08,07/06/2020,07/06/2020,Sunny,39,30,11,0.5,38,14,999,2013,1,34.5
852,12/13/2020 6:34:31,07/07/2020,07/07/2020,Sunny,43,26,12,0,14,1,997,2009,1,34.5
853,12/13/2020 6:34:46,07/07/2020,07/07/2020,Sunny,39,26,9,0,37,12,1005,2010,1,32.5
854,12/13/2020 6:35:02,07/07/2020,07/07/2020,Patchy rain possible,36,29,10,5.2,46,23,1001,2011,10,32.5
855,12/13/2020 6:35:17,07/07/2020,07/07/2020,Sunny,38,29,12,0.4,36,22,994,2012,1,33.5
856,12/13/2020 6:35:37,07/07/2020,07/07/2020,Sunny,37,29,10,3.2,46,19,999,2013,1,33
857,12/13/2020 6:36:23,07/08/2020,07/08/2020,Sunny,43,27,10,0,13,3,997,2009,1,35
858,12/13/2020 6:36:38,07/08/2020,07/08/2020,Sunny,41,26,8,0.1,31,12,1004,2010,1,33.5
859,12/13/2020 6:36:54,07/08/2020,07/08/2020,Sunny,35,27,8,4.1,50,15,1003,2011,1,31
860,12/13/2020 6:37:09,07/08/2020,07/08/2020,Sunny,37,28,9,2.6,42,18,997,2012,1,32.5
861,12/13/2020 6:37:29,07/08/2020,07/08/2020,Patchy rain possible,37,28,10,2.8,44,16,997,2013,10,32.5
862,12/13/2020 6:38:27,07/09/2020,07/09/2020,Sunny,42,28,10,0,17,1,999,2009,1,35
863,12/13/2020 6:38:42,07/09/2020,07/09/2020,Sunny,42,28,7,0,26,12,1001,2010,1,35
864,12/13/2020 6:38:58,07/09/2020,07/09/2020,Sunny,34,27,7,2.6,48,15,1002,2011,1,30.5
865,12/13/2020 6:39:13,07/09/2020,07/09/2020,Patchy rain possible,37,28,8,3.1,43,21,999,2012,10,32.5
866,12/13/2020 6:39:34,07/09/2020,07/09/2020,Patchy rain possible,36,28,10,1.9,45,23,997,2013,10,32
867,12/13/2020 6:41:43,07/09/2020,07/09/2020,Sunny,42,28,10,0,17,1,999,2009,1,35
868,12/13/2020 6:41:58,07/09/2020,07/09/2020,Sunny,42,28,7,0,26,12,1001,2010,1,35
869,12/13/2020 6:42:14,07/09/2020,07/09/2020,Sunny,34,27,7,2.6,48,15,1002,2011,1,30.5
870,12/13/2020 6:42:29,07/09/2020,07/09/2020,Patchy rain possible,37,28,8,3.1,43,21,999,2012,10,32.5
871,12/13/2020 6:42:50,07/09/2020,07/09/2020,Patchy rain possible,36,28,10,1.9,45,23,997,2013,10,32
872,12/13/2020 6:43:39,07/10/2020,07/10/2020,Sunny,41,27,11,0,21,5,1000,2009,1,34
873,12/13/2020 6:43:54,07/10/2020,07/10/2020,Sunny,43,29,10,0.1,24,9,998,2010,1,36
874,12/13/2020 6:44:09,07/10/2020,07/10/2020,Sunny,35,26,7,1.2,43,14,1001,2011,1,30.5
875,12/13/2020 6:44:24,07/10/2020,07/10/2020,Sunny,38,28,8,1.7,38,10,1000,2012,1,33
876,12/13/2020 6:44:45,07/10/2020,07/10/2020,Sunny,34,26,8,3.5,45,19,998,2013,1,30
877,12/13/2020 6:46:03,07/11/2020,07/11/2020,Sunny,42,27,8,0,23,5,999,2009,1,34.5
878,12/13/2020 6:46:18,07/11/2020,07/11/2020,Sunny,43,29,10,0,23,3,997,2010,1,36
879,12/13/2020 6:46:34,07/11/2020,07/11/2020,Sunny,35,26,6,2.5,44,10,999,2011,1,30.5
880,12/13/2020 6:46:49,07/11/2020,07/11/2020,Sunny,38,29,8,0.7,37,13,1000,2012,1,33.5
881,12/13/2020 6:47:10,07/11/2020,07/11/2020,Sunny,36,26,7,0,32,5,999,2013,1,31
882,12/13/2020 6:48:03,07/12/2020,07/12/2020,Sunny,42,30,9,0,23,6,996,2009,1,36
883,12/13/2020 6:48:18,07/12/2020,07/12/2020,Sunny,42,28,8,0,24,8,997,2010,1,35
884,12/13/2020 6:48:33,07/12/2020,07/12/2020,Sunny,37,29,7,0.1,40,12,997,2011,1,33
885,12/13/2020 6:48:48,07/12/2020,07/12/2020,Sunny,38,29,9,2.5,39,16,999,2012,1,33.5
886,12/13/2020 6:52:06,07/13/2020,07/13/2020,Sunny,41,30,11,0,25,6,995,2009,1,35.5
887,12/13/2020 6:52:21,07/13/2020,07/13/2020,Sunny,39,28,6,0.1,29,17,1001,2010,1,33.5
888,12/13/2020 6:52:37,07/13/2020,07/13/2020,Sunny,37,29,8,2.3,46,16,997,2011,1,33
889,12/13/2020 6:52:52,07/13/2020,07/13/2020,Sunny,37,28,10,1.6,42,16,998,2012,1,32.5
890,12/13/2020 6:53:13,07/13/2020,07/13/2020,Sunny,39,30,9,0,33,6,999,2013,1,34.5
891,12/13/2020 6:54:09,07/14/2020,07/14/2020,Sunny,41,28,9,0.1,27,8,998,2009,1,34.5
892,12/13/2020 6:54:23,07/14/2020,07/14/2020,Sunny,39,26,9,0,31,12,1002,2010,1,32.5
893,12/13/2020 6:54:39,07/14/2020,07/14/2020,partly cloudy,36,29,7,7.5,48,23,997,2011,7,32.5
894,12/13/2020 6:54:54,07/14/2020,07/14/2020,Sunny,36,27,10,1.2,42,11,998,2012,1,31.5
895,12/13/2020 6:55:15,07/14/2020,07/14/2020,Sunny,39,30,8,0.1,35,11,998,2013,1,34.5
896,12/13/2020 6:56:05,07/15/2020,07/15/2020,Sunny,42,28,10,0,18,4,997,2009,1,35
897,12/13/2020 6:56:20,07/15/2020,07/15/2020,Sunny,41,27,9,0,24,5,1002,2010,1,34
898,12/13/2020 6:56:36,07/15/2020,07/15/2020,Patchy rain possible,35,27,9,6.2,52,17,997,2011,10,31
899,12/13/2020 6:56:51,07/15/2020,07/15/2020,Sunny,35,27,8,0.9,40,26,999,2012,1,31
900,12/13/2020 6:57:11,07/15/2020,07/15/2020,Sunny,39,31,10,0.4,35,20,998,2013,1,35
901,12/13/2020 6:59:26,07/16/2020,07/16/2020,Sunny,41,28,9,0,20,5,998,2009,1,34.5
902,12/13/2020 6:59:41,07/16/2020,07/16/2020,Sunny,43,28,7,0,22,2,999,2010,1,35.5
903,12/13/2020 6:59:56,07/16/2020,07/16/2020,Sunny,32,26,8,2.7,54,14,999,2011,1,29
904,12/13/2020 7:00:11,07/16/2020,07/16/2020,Sunny,37,27,9,1.3,36,12,1002,2012,1,32
905,12/13/2020 7:00:32,07/16/2020,07/16/2020,Sunny,39,30,8,1.2,40,25,999,2013,1,34.5
906,12/13/2020 7:01:51,07/17/2020,07/17/2020,Sunny,43,28,8,0,22,4,995,2009,1,35.5
907,12/13/2020 7:02:06,07/17/2020,07/17/2020,Sunny,43,29,10,0,23,4,999,2010,1,36
908,12/13/2020 7:02:21,07/17/2020,07/17/2020,Sunny,35,26,6,1,45,9,998,2011,1,30.5
909,12/13/2020 7:02:36,07/17/2020,07/17/2020,Sunny,39,29,10,0.2,30,8,1001,2012,1,34
910,12/13/2020 7:02:57,07/17/2020,07/17/2020,Sunny,36,29,8,5.7,49,26,998,2013,1,32.5
911,12/13/2020 7:04:00,07/18/2020,07/18/2020,Sunny,42,30,11,0,29,10,997,2009,1,36
912,12/13/2020 7:04:15,07/18/2020,07/18/2020,Sunny,43,30,9,0,28,5,997,2010,1,36.5
913,12/13/2020 7:04:31,07/18/2020,07/18/2020,Sunny,35,27,6,0.3,42,10,998,2011,1,31
914,12/13/2020 7:04:46,07/18/2020,07/18/2020,Sunny,40,30,8,0.4,30,7,996,2012,1,35
915,12/13/2020 7:05:06,07/18/2020,07/18/2020,Sunny,37,29,8,3,50,17,995,2013,1,33
916,12/13/2020 7:05:56,07/19/2020,07/19/2020,Sunny,42,28,8,0.5,37,10,997,2009,1,35
917,12/13/2020 7:06:11,07/19/2020,07/19/2020,Sunny,44,31,11,0,28,9,994,2010,1,37.5
918,12/13/2020 7:06:26,07/19/2020,07/19/2020,Sunny,36,28,6,0.4,42,9,995,2011,1,32
919,12/13/2020 7:06:41,07/19/2020,07/19/2020,Sunny,39,28,11,0.4,32,5,995,2012,1,33.5
920,12/13/2020 7:07:02,07/19/2020,07/19/2020,Sunny,38,29,12,1,49,22,993,2013,1,33.5
921,12/13/2020 7:07:56,07/20/2020,07/20/2020,Sunny,43,30,10,0.1,30,11,996,2009,1,36.5
922,12/13/2020 7:08:11,07/20/2020,07/20/2020,Moderate or heavy rain shower,35,28,15,9.1,58,29,998,2010,12,31.5
923,12/13/2020 7:08:26,07/20/2020,07/20/2020,Sunny,38,29,5,0.3,36,6,993,2011,1,33.5
924,12/13/2020 7:08:41,07/20/2020,07/20/2020,Sunny,39,28,8,0.1,29,7,997,2012,1,33.5
925,12/13/2020 7:09:02,07/20/2020,07/20/2020,Patchy rain possible,33,27,12,10.3,64,29,998,2013,10,30
926,12/13/2020 7:10:16,08/01/2020,08/01/2020,Sunny,41,28,8,0,34,10,998,2009,1,34.5
927,12/13/2020 7:10:31,08/01/2020,08/01/2020,partly cloudy,34,25,7,2.3,70,22,1002,2010,7,29.5
928,12/13/2020 7:10:46,08/01/2020,08/01/2020,Sunny,37,27,8,0.3,39,4,997,2011,1,32
929,12/13/2020 7:11:01,08/01/2020,08/01/2020,Sunny,37,29,9,0.5,47,30,997,2012,1,33
930,12/13/2020 7:11:22,08/01/2020,08/01/2020,Patchy rain possible,34,28,12,10.9,61,43,997,2013,10,31
931,12/13/2020 7:12:12,08/02/2020,08/02/2020,Sunny,42,29,8,0,29,8,998,2009,1,35.5
932,12/13/2020 7:12:27,08/02/2020,08/02/2020,Patchy rain possible,36,25,3,1.1,64,24,1002,2010,10,30.5
933,12/13/2020 7:12:42,08/02/2020,08/02/2020,Sunny,37,27,7,0.1,38,6,996,2011,1,32
934,12/13/2020 7:12:57,08/02/2020,08/02/2020,Sunny,38,28,7,3.3,52,18,996,2012,1,33
935,12/13/2020 7:13:18,08/02/2020,08/02/2020,Patchy rain possible,30,27,7,4,72,56,1002,2013,10,28.5
936,12/13/2020 7:14:08,08/03/2020,08/03/2020,Sunny,42,28,7,0,23,2,997,2009,1,35
937,12/13/2020 7:14:23,08/03/2020,08/03/2020,partly cloudy,33,25,7,15.4,75,32,1001,2010,7,29
938,12/13/2020 7:14:38,08/03/2020,08/03/2020,Sunny,36,27,9,0.9,49,14,997,2011,1,31.5
939,12/13/2020 7:14:53,08/03/2020,08/03/2020,Sunny,37,28,10,2,52,20,993,2012,1,32.5
940,12/13/2020 7:15:14,08/03/2020,08/03/2020,Patchy rain possible,34,26,5,1.3,61,27,1004,2013,10,30
941,12/13/2020 7:16:02,08/04/2020,08/04/2020,Sunny,43,26,8,0,17,0,996,2009,1,34.5
942,12/13/2020 7:16:17,08/04/2020,08/04/2020,partly cloudy,34,25,4,1.3,68,30,1000,2010,7,29.5
943,12/13/2020 7:16:32,08/04/2020,08/04/2020,Sunny,34,28,9,3.2,60,34,997,2011,1,31
944,12/13/2020 7:16:48,08/04/2020,08/04/2020,partly cloudy,35,26,11,8.8,54,30,997,2012,7,30.5
945,12/13/2020 7:17:08,08/04/2020,08/04/2020,Sunny,35,28,7,0,52,19,1002,2013,1,31.5
946,12/13/2020 7:17:57,08/05/2020,08/05/2020,Sunny,43,27,8,0,17,0,995,2009,1,35
947,12/13/2020 7:18:12,08/05/2020,08/05/2020,partly cloudy,35,26,8,1,64,31,1002,2010,7,30.5
948,12/13/2020 7:18:28,08/05/2020,08/05/2020,Sunny,34,28,5,0,56,26,996,2011,1,31
949,12/13/2020 7:18:43,08/05/2020,08/05/2020,Sunny,34,25,7,1.6,53,13,1001,2012,1,29.5
950,12/13/2020 7:19:03,08/05/2020,08/05/2020,Sunny,36,29,5,1.5,49,30,1000,2013,1,32.5
951,12/13/2020 7:19:52,08/06/2020,08/06/2020,Sunny,43,28,9,0,20,4,996,2009,1,35.5
952,12/13/2020 7:20:07,08/06/2020,08/06/2020,partly cloudy,28,24,8,16.2,90,61,1005,2010,7,26
953,12/13/2020 7:20:22,08/06/2020,08/06/2020,partly cloudy,35,29,5,2.7,53,28,996,2011,7,32
954,12/13/2020 7:20:37,08/06/2020,08/06/2020,Sunny,35,25,7,1.2,47,6,1001,2012,1,30
955,12/13/2020 7:20:58,08/06/2020,08/06/2020,Moderate or heavy rain shower,33,27,9,17.2,65,31,1001,2013,12,30
956,12/13/2020 7:21:47,08/07/2020,08/07/2020,Sunny,41,30,8,0,27,13,998,2009,1,35.5
957,12/13/2020 7:22:02,08/07/2020,08/07/2020,partly cloudy,32,24,3,2.7,80,54,1005,2010,7,28
958,12/13/2020 7:22:17,08/07/2020,08/07/2020,Sunny,35,28,9,3.8,60,23,996,2011,1,31.5
959,12/13/2020 7:22:32,08/07/2020,08/07/2020,Sunny,37,26,10,0.7,39,11,1001,2012,1,31.5
960,12/13/2020 7:22:53,08/07/2020,08/07/2020,partly cloudy,32,26,8,8.6,71,35,1002,2013,7,29
961,12/13/2020 7:23:47,08/08/2020,08/08/2020,Sunny,41,28,8,0,29,15,998,2009,1,34.5
962,12/13/2020 7:24:02,08/08/2020,08/08/2020,partly cloudy,32,25,5,0,75,38,1003,2010,7,28.5
963,12/13/2020 7:24:17,08/08/2020,08/08/2020,partly cloudy,33,26,14,16.3,68,27,998,2011,7,29.5
964,12/13/2020 7:24:32,08/08/2020,08/08/2020,partly cloudy,35,27,9,3.8,58,64,1000,2012,7,31
965,12/13/2020 7:24:53,08/08/2020,08/08/2020,Sunny,34,26,8,5.9,65,29,1000,2013,1,30
966,12/13/2020 7:25:44,08/09/2020,08/09/2020,Sunny,42,28,7,0,30,20,997,2009,1,35
967,12/13/2020 7:25:59,08/09/2020,08/09/2020,partly cloudy,32,25,4,0.3,72,35,1002,2010,7,28.5
968,12/13/2020 7:26:15,08/09/2020,08/09/2020,partly cloudy,33,26,6,1.2,65,32,999,2011,7,29.5
969,12/13/2020 7:26:30,08/09/2020,08/09/2020,Sunny,37,27,8,0.3,44,16,998,2012,1,32
970,12/13/2020 7:26:51,08/09/2020,08/09/2020,Sunny,34,27,8,6.5,63,25,999,2013,1,30.5
971,12/13/2020 7:27:39,08/10/2020,08/10/2020,partly cloudy,41,29,7,0.7,34,31,998,2009,7,35
972,12/13/2020 7:27:54,08/10/2020,08/10/2020,Sunny,33,25,6,5.3,67,22,1002,2010,1,29
973,12/13/2020 7:28:09,08/10/2020,08/10/2020,partly cloudy,33,26,9,2.6,66,32,1000,2011,7,29.5
974,12/13/2020 7:28:25,08/10/2020,08/10/2020,Sunny,35,26,7,2.6,52,12,1000,2012,1,30.5
975,12/13/2020 7:28:45,08/10/2020,08/10/2020,Sunny,35,26,10,2.4,66,21,1001,2013,1,30.5
976,12/13/2020 7:29:40,08/11/2020,08/11/2020,Sunny,42,30,9,0.4,31,24,1001,2009,1,36
977,12/13/2020 7:29:54,08/11/2020,08/11/2020,Patchy rain possible,35,25,6,6.8,65,27,1002,2010,10,30
978,12/13/2020 7:30:10,08/11/2020,08/11/2020,partly cloudy,33,26,5,1.7,64,24,999,2011,7,29.5
979,12/13/2020 7:30:25,08/11/2020,08/11/2020,Sunny,35,26,7,2.2,45,10,1001,2012,1,30.5
980,12/13/2020 7:30:46,08/11/2020,08/11/2020,partly cloudy,34,27,8,1.9,62,33,1003,2013,7,30.5
981,12/13/2020 7:31:40,08/12/2020,08/12/2020,Sunny,42,27,7,0,24,1,1001,2009,1,34.5
982,12/13/2020 7:31:55,08/12/2020,08/12/2020,Patchy rain possible,34,25,8,3.5,69,29,1002,2010,10,29.5
983,12/13/2020 7:32:11,08/12/2020,08/12/2020,Sunny,32,25,9,0,68,27,999,2011,1,28.5
984,12/13/2020 7:32:26,08/12/2020,08/12/2020,Sunny,35,25,5,0.5,45,10,1002,2012,1,30
985,12/13/2020 7:32:46,08/12/2020,08/12/2020,partly cloudy,33,27,7,0.3,67,33,1002,2013,7,30
986,12/13/2020 7:33:45,08/13/2020,08/13/2020,Sunny,42,27,8,0,20,1,999,2009,1,34.5
987,,,,,,,,,,,,,,